REGION_CLASS	REGION_MEMBER	USED_MEMBER	USED_CLASS	SOURCE_TYPE
retrofit2.Response	<T>success(T)	<T>success(T,okhttp3.Response)	retrofit2.Response	SOURCE
retrofit2.Response	<T>success(T)	build()	okhttp3.Response$Builder	SOURCE
retrofit2.Response	<T>success(T)	request(okhttp3.Request)	okhttp3.Response$Builder	SOURCE
retrofit2.Response	<T>success(T)	protocol(okhttp3.Protocol)	okhttp3.Response$Builder	SOURCE
retrofit2.Response	<T>success(T)	message(java.lang.String)	okhttp3.Response$Builder	SOURCE
retrofit2.Response	<T>success(T)	code(int)	okhttp3.Response$Builder	SOURCE
retrofit2.Response	<T>success(T)	Builder()	okhttp3.Response$Builder	SOURCE
retrofit2.Response	<T>success(T)	build()	okhttp3.Request$Builder	SOURCE
retrofit2.Response	<T>success(T)	url(java.lang.String)	okhttp3.Request$Builder	SOURCE
retrofit2.Response	<T>success(T)	Builder()	okhttp3.Request$Builder	SOURCE
retrofit2.Response	<T>success(int,T)	IllegalArgumentException(java.lang.String)	java.lang.IllegalArgumentException	SOURCE
retrofit2.Response	<T>success(int,T)	<T>success(T,okhttp3.Response)	retrofit2.Response	SOURCE
retrofit2.Response	<T>success(int,T)	build()	okhttp3.Response$Builder	SOURCE
retrofit2.Response	<T>success(int,T)	request(okhttp3.Request)	okhttp3.Response$Builder	SOURCE
retrofit2.Response	<T>success(int,T)	protocol(okhttp3.Protocol)	okhttp3.Response$Builder	SOURCE
retrofit2.Response	<T>success(int,T)	message(java.lang.String)	okhttp3.Response$Builder	SOURCE
retrofit2.Response	<T>success(int,T)	code(int)	okhttp3.Response$Builder	SOURCE
retrofit2.Response	<T>success(int,T)	Builder()	okhttp3.Response$Builder	SOURCE
retrofit2.Response	<T>success(int,T)	build()	okhttp3.Request$Builder	SOURCE
retrofit2.Response	<T>success(int,T)	url(java.lang.String)	okhttp3.Request$Builder	SOURCE
retrofit2.Response	<T>success(int,T)	Builder()	okhttp3.Request$Builder	SOURCE
retrofit2.Response	<T>success(T,okhttp3.Headers)	<T>requireNonNull(T,java.lang.String)	java.util.Objects	SOURCE
retrofit2.Response	<T>success(T,okhttp3.Headers)	<T>success(T,okhttp3.Response)	retrofit2.Response	SOURCE
retrofit2.Response	<T>success(T,okhttp3.Headers)	build()	okhttp3.Response$Builder	SOURCE
retrofit2.Response	<T>success(T,okhttp3.Headers)	request(okhttp3.Request)	okhttp3.Response$Builder	SOURCE
retrofit2.Response	<T>success(T,okhttp3.Headers)	headers(okhttp3.Headers)	okhttp3.Response$Builder	SOURCE
retrofit2.Response	<T>success(T,okhttp3.Headers)	protocol(okhttp3.Protocol)	okhttp3.Response$Builder	SOURCE
retrofit2.Response	<T>success(T,okhttp3.Headers)	message(java.lang.String)	okhttp3.Response$Builder	SOURCE
retrofit2.Response	<T>success(T,okhttp3.Headers)	code(int)	okhttp3.Response$Builder	SOURCE
retrofit2.Response	<T>success(T,okhttp3.Headers)	Builder()	okhttp3.Response$Builder	SOURCE
retrofit2.Response	<T>success(T,okhttp3.Headers)	build()	okhttp3.Request$Builder	SOURCE
retrofit2.Response	<T>success(T,okhttp3.Headers)	url(java.lang.String)	okhttp3.Request$Builder	SOURCE
retrofit2.Response	<T>success(T,okhttp3.Headers)	Builder()	okhttp3.Request$Builder	SOURCE
retrofit2.Response	<T>success(T,okhttp3.Response)	<T>requireNonNull(T,java.lang.String)	java.util.Objects	SOURCE
retrofit2.Response	<T>success(T,okhttp3.Response)	isSuccessful()	okhttp3.Response	SOURCE
retrofit2.Response	<T>success(T,okhttp3.Response)	IllegalArgumentException(java.lang.String)	java.lang.IllegalArgumentException	SOURCE
retrofit2.Response	<T>success(T,okhttp3.Response)	Response(okhttp3.Response,T,okhttp3.ResponseBody)	retrofit2.Response	SOURCE
retrofit2.Response	<T>error(int,okhttp3.ResponseBody)	<T>requireNonNull(T,java.lang.String)	java.util.Objects	SOURCE
retrofit2.Response	<T>error(int,okhttp3.ResponseBody)	IllegalArgumentException(java.lang.String)	java.lang.IllegalArgumentException	SOURCE
retrofit2.Response	<T>error(int,okhttp3.ResponseBody)	<T>error(okhttp3.ResponseBody,okhttp3.Response)	retrofit2.Response	SOURCE
retrofit2.Response	<T>error(int,okhttp3.ResponseBody)	build()	okhttp3.Response$Builder	SOURCE
retrofit2.Response	<T>error(int,okhttp3.ResponseBody)	request(okhttp3.Request)	okhttp3.Response$Builder	SOURCE
retrofit2.Response	<T>error(int,okhttp3.ResponseBody)	protocol(okhttp3.Protocol)	okhttp3.Response$Builder	SOURCE
retrofit2.Response	<T>error(int,okhttp3.ResponseBody)	message(java.lang.String)	okhttp3.Response$Builder	SOURCE
retrofit2.Response	<T>error(int,okhttp3.ResponseBody)	code(int)	okhttp3.Response$Builder	SOURCE
retrofit2.Response	<T>error(int,okhttp3.ResponseBody)	body(okhttp3.ResponseBody)	okhttp3.Response$Builder	SOURCE
retrofit2.Response	<T>error(int,okhttp3.ResponseBody)	Builder()	okhttp3.Response$Builder	SOURCE
retrofit2.Response	<T>error(int,okhttp3.ResponseBody)	NoContentResponseBody(okhttp3.MediaType,long)	retrofit2.OkHttpCall$NoContentResponseBody	SOURCE
retrofit2.Response	<T>error(int,okhttp3.ResponseBody)	contentType()	okhttp3.ResponseBody	SOURCE
retrofit2.Response	<T>error(int,okhttp3.ResponseBody)	contentLength()	okhttp3.ResponseBody	SOURCE
retrofit2.Response	<T>error(int,okhttp3.ResponseBody)	build()	okhttp3.Request$Builder	SOURCE
retrofit2.Response	<T>error(int,okhttp3.ResponseBody)	url(java.lang.String)	okhttp3.Request$Builder	SOURCE
retrofit2.Response	<T>error(int,okhttp3.ResponseBody)	Builder()	okhttp3.Request$Builder	SOURCE
retrofit2.Response	<T>error(okhttp3.ResponseBody,okhttp3.Response)	<T>requireNonNull(T,java.lang.String)	java.util.Objects	SOURCE
retrofit2.Response	<T>error(okhttp3.ResponseBody,okhttp3.Response)	<T>requireNonNull(T,java.lang.String)	java.util.Objects	SOURCE
retrofit2.Response	<T>error(okhttp3.ResponseBody,okhttp3.Response)	isSuccessful()	okhttp3.Response	SOURCE
retrofit2.Response	<T>error(okhttp3.ResponseBody,okhttp3.Response)	IllegalArgumentException(java.lang.String)	java.lang.IllegalArgumentException	SOURCE
retrofit2.Response	<T>error(okhttp3.ResponseBody,okhttp3.Response)	Response(okhttp3.Response,T,okhttp3.ResponseBody)	retrofit2.Response	SOURCE
retrofit2.Response	Response(okhttp3.Response,T,okhttp3.ResponseBody)	Object()	java.lang.Object	SOURCE
retrofit2.Response	code()	code()	okhttp3.Response	SOURCE
retrofit2.Response	message()	message()	okhttp3.Response	SOURCE
retrofit2.Response	headers()	headers()	okhttp3.Response	SOURCE
retrofit2.Response	isSuccessful()	isSuccessful()	okhttp3.Response	SOURCE
retrofit2.Response	toString()	toString()	okhttp3.Response	SOURCE
retrofit2.Retrofit	serviceMethodCache	ConcurrentHashMap()	java.util.concurrent.ConcurrentHashMap	SOURCE
retrofit2.Retrofit	Retrofit(okhttp3.Call.Factory,okhttp3.HttpUrl,java.util.List<retrofit2.Converter.Factory>,java.util.List<retrofit2.CallAdapter.Factory>,java.util.concurrent.Executor,boolean)	Object()	java.lang.Object	SOURCE
retrofit2.Retrofit	<T>create(java.lang.Class<T>)	validateServiceInterface(java.lang.Class<?>)	retrofit2.Retrofit	SOURCE
retrofit2.Retrofit	<T>create(java.lang.Class<T>)	newProxyInstance(java.lang.ClassLoader,java.lang.Class<?>[],java.lang.reflect.InvocationHandler)	java.lang.reflect.Proxy	SOURCE
retrofit2.Retrofit	<T>create(java.lang.Class<T>)	getClassLoader()	java.lang.Class	SOURCE
retrofit2.Retrofit	<T>create(java.lang.Class<T>)	()	retrofit2.Retrofit$1	SOURCE
retrofit2.Retrofit$1	platform	get()	retrofit2.Platform	SOURCE
retrofit2.Retrofit$1	invoke(java.lang.Object,java.lang.reflect.Method,java.lang.Object[])	getDeclaringClass()	java.lang.reflect.Method	SOURCE
retrofit2.Retrofit$1	invoke(java.lang.Object,java.lang.reflect.Method,java.lang.Object[])	invoke(java.lang.Object,java.lang.Object...)	java.lang.reflect.Method	SOURCE
retrofit2.Retrofit$1	invoke(java.lang.Object,java.lang.reflect.Method,java.lang.Object[])	isDefaultMethod(java.lang.reflect.Method)	retrofit2.Platform	SOURCE
retrofit2.Retrofit$1	invoke(java.lang.Object,java.lang.reflect.Method,java.lang.Object[])	invokeDefaultMethod(java.lang.reflect.Method,java.lang.Class<?>,java.lang.Object,java.lang.Object...)	retrofit2.Platform	SOURCE
retrofit2.Retrofit$1	invoke(java.lang.Object,java.lang.reflect.Method,java.lang.Object[])	invoke(java.lang.Object[])	retrofit2.ServiceMethod	SOURCE
retrofit2.Retrofit$1	invoke(java.lang.Object,java.lang.reflect.Method,java.lang.Object[])	loadServiceMethod(java.lang.reflect.Method)	retrofit2.Retrofit	SOURCE
retrofit2.Retrofit	validateServiceInterface(java.lang.Class<?>)	isInterface()	java.lang.Class	SOURCE
retrofit2.Retrofit	validateServiceInterface(java.lang.Class<?>)	IllegalArgumentException(java.lang.String)	java.lang.IllegalArgumentException	SOURCE
retrofit2.Retrofit	validateServiceInterface(java.lang.Class<?>)	ArrayDeque(int)	java.util.ArrayDeque	SOURCE
retrofit2.Retrofit	validateServiceInterface(java.lang.Class<?>)	add(E)	java.util.Deque	SOURCE
retrofit2.Retrofit	validateServiceInterface(java.lang.Class<?>)	isEmpty()	java.util.Collection	SOURCE
retrofit2.Retrofit	validateServiceInterface(java.lang.Class<?>)	removeFirst()	java.util.Deque	SOURCE
retrofit2.Retrofit	validateServiceInterface(java.lang.Class<?>)	getTypeParameters()	java.lang.Class	SOURCE
retrofit2.Retrofit	validateServiceInterface(java.lang.Class<?>)	append(java.lang.String)	java.lang.StringBuilder	SOURCE
retrofit2.Retrofit	validateServiceInterface(java.lang.Class<?>)	StringBuilder(java.lang.String)	java.lang.StringBuilder	SOURCE
retrofit2.Retrofit	validateServiceInterface(java.lang.Class<?>)	getName()	java.lang.Class	SOURCE
retrofit2.Retrofit	validateServiceInterface(java.lang.Class<?>)	append(java.lang.String)	java.lang.StringBuilder	SOURCE
retrofit2.Retrofit	validateServiceInterface(java.lang.Class<?>)	append(java.lang.String)	java.lang.StringBuilder	SOURCE
retrofit2.Retrofit	validateServiceInterface(java.lang.Class<?>)	getName()	java.lang.Class	SOURCE
retrofit2.Retrofit	validateServiceInterface(java.lang.Class<?>)	IllegalArgumentException(java.lang.String)	java.lang.IllegalArgumentException	SOURCE
retrofit2.Retrofit	validateServiceInterface(java.lang.Class<?>)	toString()	java.lang.StringBuilder	SOURCE
retrofit2.Retrofit	validateServiceInterface(java.lang.Class<?>)	<T>addAll(java.util.Collection<? super T>,T...)	java.util.Collections	SOURCE
retrofit2.Retrofit	validateServiceInterface(java.lang.Class<?>)	getInterfaces()	java.lang.Class	SOURCE
retrofit2.Retrofit	validateServiceInterface(java.lang.Class<?>)	get()	retrofit2.Platform	SOURCE
retrofit2.Retrofit	validateServiceInterface(java.lang.Class<?>)	getDeclaredMethods()	java.lang.Class	SOURCE
retrofit2.Retrofit	validateServiceInterface(java.lang.Class<?>)	isDefaultMethod(java.lang.reflect.Method)	retrofit2.Platform	SOURCE
retrofit2.Retrofit	validateServiceInterface(java.lang.Class<?>)	isStatic(int)	java.lang.reflect.Modifier	SOURCE
retrofit2.Retrofit	validateServiceInterface(java.lang.Class<?>)	getModifiers()	java.lang.reflect.Method	SOURCE
retrofit2.Retrofit	validateServiceInterface(java.lang.Class<?>)	loadServiceMethod(java.lang.reflect.Method)	retrofit2.Retrofit	SOURCE
retrofit2.Retrofit	loadServiceMethod(java.lang.reflect.Method)	get(java.lang.Object)	java.util.Map	SOURCE
retrofit2.Retrofit	loadServiceMethod(java.lang.reflect.Method)	get(java.lang.Object)	java.util.Map	SOURCE
retrofit2.Retrofit	loadServiceMethod(java.lang.reflect.Method)	<T>parseAnnotations(retrofit2.Retrofit,java.lang.reflect.Method)	retrofit2.ServiceMethod	SOURCE
retrofit2.Retrofit	loadServiceMethod(java.lang.reflect.Method)	put(K,V)	java.util.Map	SOURCE
retrofit2.Retrofit	callAdapter(java.lang.reflect.Type,java.lang.annotation.Annotation[])	nextCallAdapter(retrofit2.CallAdapter.Factory,java.lang.reflect.Type,java.lang.annotation.Annotation[])	retrofit2.Retrofit	SOURCE
retrofit2.Retrofit	nextCallAdapter(retrofit2.CallAdapter.Factory,java.lang.reflect.Type,java.lang.annotation.Annotation[])	<T>requireNonNull(T,java.lang.String)	java.util.Objects	SOURCE
retrofit2.Retrofit	nextCallAdapter(retrofit2.CallAdapter.Factory,java.lang.reflect.Type,java.lang.annotation.Annotation[])	<T>requireNonNull(T,java.lang.String)	java.util.Objects	SOURCE
retrofit2.Retrofit	nextCallAdapter(retrofit2.CallAdapter.Factory,java.lang.reflect.Type,java.lang.annotation.Annotation[])	indexOf(java.lang.Object)	java.util.List	SOURCE
retrofit2.Retrofit	nextCallAdapter(retrofit2.CallAdapter.Factory,java.lang.reflect.Type,java.lang.annotation.Annotation[])	size()	java.util.List	SOURCE
retrofit2.Retrofit	nextCallAdapter(retrofit2.CallAdapter.Factory,java.lang.reflect.Type,java.lang.annotation.Annotation[])	get(java.lang.reflect.Type,java.lang.annotation.Annotation[],retrofit2.Retrofit)	retrofit2.CallAdapter$Factory	SOURCE
retrofit2.Retrofit	nextCallAdapter(retrofit2.CallAdapter.Factory,java.lang.reflect.Type,java.lang.annotation.Annotation[])	get(int)	java.util.List	SOURCE
retrofit2.Retrofit	nextCallAdapter(retrofit2.CallAdapter.Factory,java.lang.reflect.Type,java.lang.annotation.Annotation[])	append(java.lang.String)	java.lang.StringBuilder	SOURCE
retrofit2.Retrofit	nextCallAdapter(retrofit2.CallAdapter.Factory,java.lang.reflect.Type,java.lang.annotation.Annotation[])	append(java.lang.Object)	java.lang.StringBuilder	SOURCE
retrofit2.Retrofit	nextCallAdapter(retrofit2.CallAdapter.Factory,java.lang.reflect.Type,java.lang.annotation.Annotation[])	StringBuilder(java.lang.String)	java.lang.StringBuilder	SOURCE
retrofit2.Retrofit	nextCallAdapter(retrofit2.CallAdapter.Factory,java.lang.reflect.Type,java.lang.annotation.Annotation[])	append(java.lang.String)	java.lang.StringBuilder	SOURCE
retrofit2.Retrofit	nextCallAdapter(retrofit2.CallAdapter.Factory,java.lang.reflect.Type,java.lang.annotation.Annotation[])	append(java.lang.String)	java.lang.StringBuilder	SOURCE
retrofit2.Retrofit	nextCallAdapter(retrofit2.CallAdapter.Factory,java.lang.reflect.Type,java.lang.annotation.Annotation[])	append(java.lang.String)	java.lang.StringBuilder	SOURCE
retrofit2.Retrofit	nextCallAdapter(retrofit2.CallAdapter.Factory,java.lang.reflect.Type,java.lang.annotation.Annotation[])	getName()	java.lang.Class	SOURCE
retrofit2.Retrofit	nextCallAdapter(retrofit2.CallAdapter.Factory,java.lang.reflect.Type,java.lang.annotation.Annotation[])	getClass()	java.lang.Object	SOURCE
retrofit2.Retrofit	nextCallAdapter(retrofit2.CallAdapter.Factory,java.lang.reflect.Type,java.lang.annotation.Annotation[])	get(int)	java.util.List	SOURCE
retrofit2.Retrofit	nextCallAdapter(retrofit2.CallAdapter.Factory,java.lang.reflect.Type,java.lang.annotation.Annotation[])	append(char)	java.lang.StringBuilder	SOURCE
retrofit2.Retrofit	nextCallAdapter(retrofit2.CallAdapter.Factory,java.lang.reflect.Type,java.lang.annotation.Annotation[])	append(java.lang.String)	java.lang.StringBuilder	SOURCE
retrofit2.Retrofit	nextCallAdapter(retrofit2.CallAdapter.Factory,java.lang.reflect.Type,java.lang.annotation.Annotation[])	size()	java.util.List	SOURCE
retrofit2.Retrofit	nextCallAdapter(retrofit2.CallAdapter.Factory,java.lang.reflect.Type,java.lang.annotation.Annotation[])	append(java.lang.String)	java.lang.StringBuilder	SOURCE
retrofit2.Retrofit	nextCallAdapter(retrofit2.CallAdapter.Factory,java.lang.reflect.Type,java.lang.annotation.Annotation[])	append(java.lang.String)	java.lang.StringBuilder	SOURCE
retrofit2.Retrofit	nextCallAdapter(retrofit2.CallAdapter.Factory,java.lang.reflect.Type,java.lang.annotation.Annotation[])	getName()	java.lang.Class	SOURCE
retrofit2.Retrofit	nextCallAdapter(retrofit2.CallAdapter.Factory,java.lang.reflect.Type,java.lang.annotation.Annotation[])	getClass()	java.lang.Object	SOURCE
retrofit2.Retrofit	nextCallAdapter(retrofit2.CallAdapter.Factory,java.lang.reflect.Type,java.lang.annotation.Annotation[])	get(int)	java.util.List	SOURCE
retrofit2.Retrofit	nextCallAdapter(retrofit2.CallAdapter.Factory,java.lang.reflect.Type,java.lang.annotation.Annotation[])	IllegalArgumentException(java.lang.String)	java.lang.IllegalArgumentException	SOURCE
retrofit2.Retrofit	nextCallAdapter(retrofit2.CallAdapter.Factory,java.lang.reflect.Type,java.lang.annotation.Annotation[])	toString()	java.lang.StringBuilder	SOURCE
retrofit2.Retrofit	<T>requestBodyConverter(java.lang.reflect.Type,java.lang.annotation.Annotation[],java.lang.annotation.Annotation[])	<T>nextRequestBodyConverter(retrofit2.Converter.Factory,java.lang.reflect.Type,java.lang.annotation.Annotation[],java.lang.annotation.Annotation[])	retrofit2.Retrofit	SOURCE
retrofit2.Retrofit	<T>nextRequestBodyConverter(retrofit2.Converter.Factory,java.lang.reflect.Type,java.lang.annotation.Annotation[],java.lang.annotation.Annotation[])	<T>requireNonNull(T,java.lang.String)	java.util.Objects	SOURCE
retrofit2.Retrofit	<T>nextRequestBodyConverter(retrofit2.Converter.Factory,java.lang.reflect.Type,java.lang.annotation.Annotation[],java.lang.annotation.Annotation[])	<T>requireNonNull(T,java.lang.String)	java.util.Objects	SOURCE
retrofit2.Retrofit	<T>nextRequestBodyConverter(retrofit2.Converter.Factory,java.lang.reflect.Type,java.lang.annotation.Annotation[],java.lang.annotation.Annotation[])	<T>requireNonNull(T,java.lang.String)	java.util.Objects	SOURCE
retrofit2.Retrofit	<T>nextRequestBodyConverter(retrofit2.Converter.Factory,java.lang.reflect.Type,java.lang.annotation.Annotation[],java.lang.annotation.Annotation[])	indexOf(java.lang.Object)	java.util.List	SOURCE
retrofit2.Retrofit	<T>nextRequestBodyConverter(retrofit2.Converter.Factory,java.lang.reflect.Type,java.lang.annotation.Annotation[],java.lang.annotation.Annotation[])	size()	java.util.List	SOURCE
retrofit2.Retrofit	<T>nextRequestBodyConverter(retrofit2.Converter.Factory,java.lang.reflect.Type,java.lang.annotation.Annotation[],java.lang.annotation.Annotation[])	get(int)	java.util.List	SOURCE
retrofit2.Retrofit	<T>nextRequestBodyConverter(retrofit2.Converter.Factory,java.lang.reflect.Type,java.lang.annotation.Annotation[],java.lang.annotation.Annotation[])	requestBodyConverter(java.lang.reflect.Type,java.lang.annotation.Annotation[],java.lang.annotation.Annotation[],retrofit2.Retrofit)	retrofit2.Converter$Factory	SOURCE
retrofit2.Retrofit	<T>nextRequestBodyConverter(retrofit2.Converter.Factory,java.lang.reflect.Type,java.lang.annotation.Annotation[],java.lang.annotation.Annotation[])	append(java.lang.String)	java.lang.StringBuilder	SOURCE
retrofit2.Retrofit	<T>nextRequestBodyConverter(retrofit2.Converter.Factory,java.lang.reflect.Type,java.lang.annotation.Annotation[],java.lang.annotation.Annotation[])	append(java.lang.Object)	java.lang.StringBuilder	SOURCE
retrofit2.Retrofit	<T>nextRequestBodyConverter(retrofit2.Converter.Factory,java.lang.reflect.Type,java.lang.annotation.Annotation[],java.lang.annotation.Annotation[])	StringBuilder(java.lang.String)	java.lang.StringBuilder	SOURCE
retrofit2.Retrofit	<T>nextRequestBodyConverter(retrofit2.Converter.Factory,java.lang.reflect.Type,java.lang.annotation.Annotation[],java.lang.annotation.Annotation[])	append(java.lang.String)	java.lang.StringBuilder	SOURCE
retrofit2.Retrofit	<T>nextRequestBodyConverter(retrofit2.Converter.Factory,java.lang.reflect.Type,java.lang.annotation.Annotation[],java.lang.annotation.Annotation[])	append(java.lang.String)	java.lang.StringBuilder	SOURCE
retrofit2.Retrofit	<T>nextRequestBodyConverter(retrofit2.Converter.Factory,java.lang.reflect.Type,java.lang.annotation.Annotation[],java.lang.annotation.Annotation[])	append(java.lang.String)	java.lang.StringBuilder	SOURCE
retrofit2.Retrofit	<T>nextRequestBodyConverter(retrofit2.Converter.Factory,java.lang.reflect.Type,java.lang.annotation.Annotation[],java.lang.annotation.Annotation[])	getName()	java.lang.Class	SOURCE
retrofit2.Retrofit	<T>nextRequestBodyConverter(retrofit2.Converter.Factory,java.lang.reflect.Type,java.lang.annotation.Annotation[],java.lang.annotation.Annotation[])	getClass()	java.lang.Object	SOURCE
retrofit2.Retrofit	<T>nextRequestBodyConverter(retrofit2.Converter.Factory,java.lang.reflect.Type,java.lang.annotation.Annotation[],java.lang.annotation.Annotation[])	get(int)	java.util.List	SOURCE
retrofit2.Retrofit	<T>nextRequestBodyConverter(retrofit2.Converter.Factory,java.lang.reflect.Type,java.lang.annotation.Annotation[],java.lang.annotation.Annotation[])	append(char)	java.lang.StringBuilder	SOURCE
retrofit2.Retrofit	<T>nextRequestBodyConverter(retrofit2.Converter.Factory,java.lang.reflect.Type,java.lang.annotation.Annotation[],java.lang.annotation.Annotation[])	append(java.lang.String)	java.lang.StringBuilder	SOURCE
retrofit2.Retrofit	<T>nextRequestBodyConverter(retrofit2.Converter.Factory,java.lang.reflect.Type,java.lang.annotation.Annotation[],java.lang.annotation.Annotation[])	size()	java.util.List	SOURCE
retrofit2.Retrofit	<T>nextRequestBodyConverter(retrofit2.Converter.Factory,java.lang.reflect.Type,java.lang.annotation.Annotation[],java.lang.annotation.Annotation[])	append(java.lang.String)	java.lang.StringBuilder	SOURCE
retrofit2.Retrofit	<T>nextRequestBodyConverter(retrofit2.Converter.Factory,java.lang.reflect.Type,java.lang.annotation.Annotation[],java.lang.annotation.Annotation[])	append(java.lang.String)	java.lang.StringBuilder	SOURCE
retrofit2.Retrofit	<T>nextRequestBodyConverter(retrofit2.Converter.Factory,java.lang.reflect.Type,java.lang.annotation.Annotation[],java.lang.annotation.Annotation[])	getName()	java.lang.Class	SOURCE
retrofit2.Retrofit	<T>nextRequestBodyConverter(retrofit2.Converter.Factory,java.lang.reflect.Type,java.lang.annotation.Annotation[],java.lang.annotation.Annotation[])	getClass()	java.lang.Object	SOURCE
retrofit2.Retrofit	<T>nextRequestBodyConverter(retrofit2.Converter.Factory,java.lang.reflect.Type,java.lang.annotation.Annotation[],java.lang.annotation.Annotation[])	get(int)	java.util.List	SOURCE
retrofit2.Retrofit	<T>nextRequestBodyConverter(retrofit2.Converter.Factory,java.lang.reflect.Type,java.lang.annotation.Annotation[],java.lang.annotation.Annotation[])	IllegalArgumentException(java.lang.String)	java.lang.IllegalArgumentException	SOURCE
retrofit2.Retrofit	<T>nextRequestBodyConverter(retrofit2.Converter.Factory,java.lang.reflect.Type,java.lang.annotation.Annotation[],java.lang.annotation.Annotation[])	toString()	java.lang.StringBuilder	SOURCE
retrofit2.Retrofit	<T>responseBodyConverter(java.lang.reflect.Type,java.lang.annotation.Annotation[])	<T>nextResponseBodyConverter(retrofit2.Converter.Factory,java.lang.reflect.Type,java.lang.annotation.Annotation[])	retrofit2.Retrofit	SOURCE
retrofit2.Retrofit	<T>nextResponseBodyConverter(retrofit2.Converter.Factory,java.lang.reflect.Type,java.lang.annotation.Annotation[])	<T>requireNonNull(T,java.lang.String)	java.util.Objects	SOURCE
retrofit2.Retrofit	<T>nextResponseBodyConverter(retrofit2.Converter.Factory,java.lang.reflect.Type,java.lang.annotation.Annotation[])	<T>requireNonNull(T,java.lang.String)	java.util.Objects	SOURCE
retrofit2.Retrofit	<T>nextResponseBodyConverter(retrofit2.Converter.Factory,java.lang.reflect.Type,java.lang.annotation.Annotation[])	indexOf(java.lang.Object)	java.util.List	SOURCE
retrofit2.Retrofit	<T>nextResponseBodyConverter(retrofit2.Converter.Factory,java.lang.reflect.Type,java.lang.annotation.Annotation[])	size()	java.util.List	SOURCE
retrofit2.Retrofit	<T>nextResponseBodyConverter(retrofit2.Converter.Factory,java.lang.reflect.Type,java.lang.annotation.Annotation[])	responseBodyConverter(java.lang.reflect.Type,java.lang.annotation.Annotation[],retrofit2.Retrofit)	retrofit2.Converter$Factory	SOURCE
retrofit2.Retrofit	<T>nextResponseBodyConverter(retrofit2.Converter.Factory,java.lang.reflect.Type,java.lang.annotation.Annotation[])	get(int)	java.util.List	SOURCE
retrofit2.Retrofit	<T>nextResponseBodyConverter(retrofit2.Converter.Factory,java.lang.reflect.Type,java.lang.annotation.Annotation[])	append(java.lang.String)	java.lang.StringBuilder	SOURCE
retrofit2.Retrofit	<T>nextResponseBodyConverter(retrofit2.Converter.Factory,java.lang.reflect.Type,java.lang.annotation.Annotation[])	append(java.lang.Object)	java.lang.StringBuilder	SOURCE
retrofit2.Retrofit	<T>nextResponseBodyConverter(retrofit2.Converter.Factory,java.lang.reflect.Type,java.lang.annotation.Annotation[])	StringBuilder(java.lang.String)	java.lang.StringBuilder	SOURCE
retrofit2.Retrofit	<T>nextResponseBodyConverter(retrofit2.Converter.Factory,java.lang.reflect.Type,java.lang.annotation.Annotation[])	append(java.lang.String)	java.lang.StringBuilder	SOURCE
retrofit2.Retrofit	<T>nextResponseBodyConverter(retrofit2.Converter.Factory,java.lang.reflect.Type,java.lang.annotation.Annotation[])	append(java.lang.String)	java.lang.StringBuilder	SOURCE
retrofit2.Retrofit	<T>nextResponseBodyConverter(retrofit2.Converter.Factory,java.lang.reflect.Type,java.lang.annotation.Annotation[])	append(java.lang.String)	java.lang.StringBuilder	SOURCE
retrofit2.Retrofit	<T>nextResponseBodyConverter(retrofit2.Converter.Factory,java.lang.reflect.Type,java.lang.annotation.Annotation[])	getName()	java.lang.Class	SOURCE
retrofit2.Retrofit	<T>nextResponseBodyConverter(retrofit2.Converter.Factory,java.lang.reflect.Type,java.lang.annotation.Annotation[])	getClass()	java.lang.Object	SOURCE
retrofit2.Retrofit	<T>nextResponseBodyConverter(retrofit2.Converter.Factory,java.lang.reflect.Type,java.lang.annotation.Annotation[])	get(int)	java.util.List	SOURCE
retrofit2.Retrofit	<T>nextResponseBodyConverter(retrofit2.Converter.Factory,java.lang.reflect.Type,java.lang.annotation.Annotation[])	append(char)	java.lang.StringBuilder	SOURCE
retrofit2.Retrofit	<T>nextResponseBodyConverter(retrofit2.Converter.Factory,java.lang.reflect.Type,java.lang.annotation.Annotation[])	append(java.lang.String)	java.lang.StringBuilder	SOURCE
retrofit2.Retrofit	<T>nextResponseBodyConverter(retrofit2.Converter.Factory,java.lang.reflect.Type,java.lang.annotation.Annotation[])	size()	java.util.List	SOURCE
retrofit2.Retrofit	<T>nextResponseBodyConverter(retrofit2.Converter.Factory,java.lang.reflect.Type,java.lang.annotation.Annotation[])	append(java.lang.String)	java.lang.StringBuilder	SOURCE
retrofit2.Retrofit	<T>nextResponseBodyConverter(retrofit2.Converter.Factory,java.lang.reflect.Type,java.lang.annotation.Annotation[])	append(java.lang.String)	java.lang.StringBuilder	SOURCE
retrofit2.Retrofit	<T>nextResponseBodyConverter(retrofit2.Converter.Factory,java.lang.reflect.Type,java.lang.annotation.Annotation[])	getName()	java.lang.Class	SOURCE
retrofit2.Retrofit	<T>nextResponseBodyConverter(retrofit2.Converter.Factory,java.lang.reflect.Type,java.lang.annotation.Annotation[])	getClass()	java.lang.Object	SOURCE
retrofit2.Retrofit	<T>nextResponseBodyConverter(retrofit2.Converter.Factory,java.lang.reflect.Type,java.lang.annotation.Annotation[])	get(int)	java.util.List	SOURCE
retrofit2.Retrofit	<T>nextResponseBodyConverter(retrofit2.Converter.Factory,java.lang.reflect.Type,java.lang.annotation.Annotation[])	IllegalArgumentException(java.lang.String)	java.lang.IllegalArgumentException	SOURCE
retrofit2.Retrofit	<T>nextResponseBodyConverter(retrofit2.Converter.Factory,java.lang.reflect.Type,java.lang.annotation.Annotation[])	toString()	java.lang.StringBuilder	SOURCE
retrofit2.Retrofit	<T>stringConverter(java.lang.reflect.Type,java.lang.annotation.Annotation[])	<T>requireNonNull(T,java.lang.String)	java.util.Objects	SOURCE
retrofit2.Retrofit	<T>stringConverter(java.lang.reflect.Type,java.lang.annotation.Annotation[])	<T>requireNonNull(T,java.lang.String)	java.util.Objects	SOURCE
retrofit2.Retrofit	<T>stringConverter(java.lang.reflect.Type,java.lang.annotation.Annotation[])	size()	java.util.List	SOURCE
retrofit2.Retrofit	<T>stringConverter(java.lang.reflect.Type,java.lang.annotation.Annotation[])	stringConverter(java.lang.reflect.Type,java.lang.annotation.Annotation[],retrofit2.Retrofit)	retrofit2.Converter$Factory	SOURCE
retrofit2.Retrofit	<T>stringConverter(java.lang.reflect.Type,java.lang.annotation.Annotation[])	get(int)	java.util.List	SOURCE
retrofit2.Retrofit	newBuilder()	Builder(retrofit2.Retrofit)	retrofit2.Retrofit$Builder	SOURCE
retrofit2.Retrofit$Builder	converterFactories	ArrayList()	java.util.ArrayList	SOURCE
retrofit2.Retrofit$Builder	callAdapterFactories	ArrayList()	java.util.ArrayList	SOURCE
retrofit2.Retrofit$Builder	Builder(retrofit2.Platform)	Object()	java.lang.Object	SOURCE
retrofit2.Retrofit$Builder	Builder()	Builder(retrofit2.Platform)	retrofit2.Retrofit$Builder	SOURCE
retrofit2.Retrofit$Builder	Builder()	get()	retrofit2.Platform	SOURCE
retrofit2.Retrofit$Builder	Builder(retrofit2.Retrofit)	Object()	java.lang.Object	SOURCE
retrofit2.Retrofit$Builder	Builder(retrofit2.Retrofit)	get()	retrofit2.Platform	SOURCE
retrofit2.Retrofit$Builder	Builder(retrofit2.Retrofit)	size()	java.util.List	SOURCE
retrofit2.Retrofit$Builder	Builder(retrofit2.Retrofit)	defaultConverterFactoriesSize()	retrofit2.Platform	SOURCE
retrofit2.Retrofit$Builder	Builder(retrofit2.Retrofit)	add(E)	java.util.List	SOURCE
retrofit2.Retrofit$Builder	Builder(retrofit2.Retrofit)	get(int)	java.util.List	SOURCE
retrofit2.Retrofit$Builder	Builder(retrofit2.Retrofit)	size()	java.util.List	SOURCE
retrofit2.Retrofit$Builder	Builder(retrofit2.Retrofit)	defaultCallAdapterFactoriesSize()	retrofit2.Platform	SOURCE
retrofit2.Retrofit$Builder	Builder(retrofit2.Retrofit)	add(E)	java.util.List	SOURCE
retrofit2.Retrofit$Builder	Builder(retrofit2.Retrofit)	get(int)	java.util.List	SOURCE
retrofit2.Retrofit$Builder	client(okhttp3.OkHttpClient)	callFactory(okhttp3.Call.Factory)	retrofit2.Retrofit$Builder	SOURCE
retrofit2.Retrofit$Builder	client(okhttp3.OkHttpClient)	<T>requireNonNull(T,java.lang.String)	java.util.Objects	SOURCE
retrofit2.Retrofit$Builder	callFactory(okhttp3.Call.Factory)	<T>requireNonNull(T,java.lang.String)	java.util.Objects	SOURCE
retrofit2.Retrofit$Builder	baseUrl(java.net.URL)	<T>requireNonNull(T,java.lang.String)	java.util.Objects	SOURCE
retrofit2.Retrofit$Builder	baseUrl(java.net.URL)	baseUrl(okhttp3.HttpUrl)	retrofit2.Retrofit$Builder	SOURCE
retrofit2.Retrofit$Builder	baseUrl(java.net.URL)	get(java.lang.String)	okhttp3.HttpUrl	SOURCE
retrofit2.Retrofit$Builder	baseUrl(java.net.URL)	toString()	java.net.URL	SOURCE
retrofit2.Retrofit$Builder	baseUrl(java.lang.String)	<T>requireNonNull(T,java.lang.String)	java.util.Objects	SOURCE
retrofit2.Retrofit$Builder	baseUrl(java.lang.String)	baseUrl(okhttp3.HttpUrl)	retrofit2.Retrofit$Builder	SOURCE
retrofit2.Retrofit$Builder	baseUrl(java.lang.String)	get(java.lang.String)	okhttp3.HttpUrl	SOURCE
retrofit2.Retrofit$Builder	baseUrl(okhttp3.HttpUrl)	<T>requireNonNull(T,java.lang.String)	java.util.Objects	SOURCE
retrofit2.Retrofit$Builder	baseUrl(okhttp3.HttpUrl)	pathSegments()	okhttp3.HttpUrl	SOURCE
retrofit2.Retrofit$Builder	baseUrl(okhttp3.HttpUrl)	equals(java.lang.Object)	java.lang.String	SOURCE
retrofit2.Retrofit$Builder	baseUrl(okhttp3.HttpUrl)	get(int)	java.util.List	SOURCE
retrofit2.Retrofit$Builder	baseUrl(okhttp3.HttpUrl)	size()	java.util.List	SOURCE
retrofit2.Retrofit$Builder	baseUrl(okhttp3.HttpUrl)	IllegalArgumentException(java.lang.String)	java.lang.IllegalArgumentException	SOURCE
retrofit2.Retrofit$Builder	addConverterFactory(retrofit2.Converter.Factory)	add(E)	java.util.List	SOURCE
retrofit2.Retrofit$Builder	addConverterFactory(retrofit2.Converter.Factory)	<T>requireNonNull(T,java.lang.String)	java.util.Objects	SOURCE
retrofit2.Retrofit$Builder	addCallAdapterFactory(retrofit2.CallAdapter.Factory)	add(E)	java.util.List	SOURCE
retrofit2.Retrofit$Builder	addCallAdapterFactory(retrofit2.CallAdapter.Factory)	<T>requireNonNull(T,java.lang.String)	java.util.Objects	SOURCE
retrofit2.Retrofit$Builder	callbackExecutor(java.util.concurrent.Executor)	<T>requireNonNull(T,java.lang.String)	java.util.Objects	SOURCE
retrofit2.Retrofit$Builder	build()	IllegalStateException(java.lang.String)	java.lang.IllegalStateException	SOURCE
retrofit2.Retrofit$Builder	build()	OkHttpClient()	okhttp3.OkHttpClient	SOURCE
retrofit2.Retrofit$Builder	build()	defaultCallbackExecutor()	retrofit2.Platform	SOURCE
retrofit2.Retrofit$Builder	build()	ArrayList(java.util.Collection<? extends E>)	java.util.ArrayList	SOURCE
retrofit2.Retrofit$Builder	build()	addAll(java.util.Collection<? extends E>)	java.util.List	SOURCE
retrofit2.Retrofit$Builder	build()	defaultCallAdapterFactories(java.util.concurrent.Executor)	retrofit2.Platform	SOURCE
retrofit2.Retrofit$Builder	build()	ArrayList(int)	java.util.ArrayList	SOURCE
retrofit2.Retrofit$Builder	build()	size()	java.util.List	SOURCE
retrofit2.Retrofit$Builder	build()	defaultConverterFactoriesSize()	retrofit2.Platform	SOURCE
retrofit2.Retrofit$Builder	build()	add(E)	java.util.List	SOURCE
retrofit2.Retrofit$Builder	build()	BuiltInConverters()	retrofit2.BuiltInConverters	SOURCE
retrofit2.Retrofit$Builder	build()	addAll(java.util.Collection<? extends E>)	java.util.List	SOURCE
retrofit2.Retrofit$Builder	build()	addAll(java.util.Collection<? extends E>)	java.util.List	SOURCE
retrofit2.Retrofit$Builder	build()	defaultConverterFactories()	retrofit2.Platform	SOURCE
retrofit2.Retrofit$Builder	build()	Retrofit(okhttp3.Call.Factory,okhttp3.HttpUrl,java.util.List<retrofit2.Converter.Factory>,java.util.List<retrofit2.CallAdapter.Factory>,java.util.concurrent.Executor,boolean)	retrofit2.Retrofit	SOURCE
retrofit2.Retrofit$Builder	build()	<T>unmodifiableList(java.util.List<? extends T>)	java.util.Collections	SOURCE
retrofit2.Retrofit$Builder	build()	<T>unmodifiableList(java.util.List<? extends T>)	java.util.Collections	SOURCE
retrofit2.Utils	Utils()	Object()	java.lang.Object	SOURCE
retrofit2.Utils	methodError(java.lang.reflect.Method,java.lang.String,java.lang.Object...)	methodError(java.lang.reflect.Method,java.lang.Throwable,java.lang.String,java.lang.Object...)	retrofit2.Utils	SOURCE
retrofit2.Utils	methodError(java.lang.reflect.Method,java.lang.Throwable,java.lang.String,java.lang.Object...)	format(java.lang.String,java.lang.Object...)	java.lang.String	SOURCE
retrofit2.Utils	methodError(java.lang.reflect.Method,java.lang.Throwable,java.lang.String,java.lang.Object...)	IllegalArgumentException(java.lang.String,java.lang.Throwable)	java.lang.IllegalArgumentException	SOURCE
retrofit2.Utils	methodError(java.lang.reflect.Method,java.lang.Throwable,java.lang.String,java.lang.Object...)	getSimpleName()	java.lang.Class	SOURCE
retrofit2.Utils	methodError(java.lang.reflect.Method,java.lang.Throwable,java.lang.String,java.lang.Object...)	getDeclaringClass()	java.lang.reflect.Method	SOURCE
retrofit2.Utils	methodError(java.lang.reflect.Method,java.lang.Throwable,java.lang.String,java.lang.Object...)	getName()	java.lang.reflect.Method	SOURCE
retrofit2.Utils	parameterError(java.lang.reflect.Method,java.lang.Throwable,int,java.lang.String,java.lang.Object...)	methodError(java.lang.reflect.Method,java.lang.Throwable,java.lang.String,java.lang.Object...)	retrofit2.Utils	SOURCE
retrofit2.Utils	parameterError(java.lang.reflect.Method,int,java.lang.String,java.lang.Object...)	methodError(java.lang.reflect.Method,java.lang.String,java.lang.Object...)	retrofit2.Utils	SOURCE
retrofit2.Utils	getRawType(java.lang.reflect.Type)	<T>requireNonNull(T,java.lang.String)	java.util.Objects	SOURCE
retrofit2.Utils	getRawType(java.lang.reflect.Type)	getRawType()	java.lang.reflect.ParameterizedType	SOURCE
retrofit2.Utils	getRawType(java.lang.reflect.Type)	IllegalArgumentException()	java.lang.IllegalArgumentException	SOURCE
retrofit2.Utils	getRawType(java.lang.reflect.Type)	getGenericComponentType()	java.lang.reflect.GenericArrayType	SOURCE
retrofit2.Utils	getRawType(java.lang.reflect.Type)	getClass()	java.lang.Object	SOURCE
retrofit2.Utils	getRawType(java.lang.reflect.Type)	newInstance(java.lang.Class<?>,int)	java.lang.reflect.Array	SOURCE
retrofit2.Utils	getRawType(java.lang.reflect.Type)	getRawType(java.lang.reflect.Type)	retrofit2.Utils	SOURCE
retrofit2.Utils	getRawType(java.lang.reflect.Type)	getRawType(java.lang.reflect.Type)	retrofit2.Utils	SOURCE
retrofit2.Utils	getRawType(java.lang.reflect.Type)	getUpperBounds()	java.lang.reflect.WildcardType	SOURCE
retrofit2.Utils	getRawType(java.lang.reflect.Type)	IllegalArgumentException(java.lang.String)	java.lang.IllegalArgumentException	SOURCE
retrofit2.Utils	getRawType(java.lang.reflect.Type)	getName()	java.lang.Class	SOURCE
retrofit2.Utils	getRawType(java.lang.reflect.Type)	getClass()	java.lang.Object	SOURCE
retrofit2.Utils	equals(java.lang.reflect.Type,java.lang.reflect.Type)	equals(java.lang.Object)	java.lang.Object	SOURCE
retrofit2.Utils	equals(java.lang.reflect.Type,java.lang.reflect.Type)	getOwnerType()	java.lang.reflect.ParameterizedType	SOURCE
retrofit2.Utils	equals(java.lang.reflect.Type,java.lang.reflect.Type)	getOwnerType()	java.lang.reflect.ParameterizedType	SOURCE
retrofit2.Utils	equals(java.lang.reflect.Type,java.lang.reflect.Type)	equals(java.lang.Object)	java.lang.Object	SOURCE
retrofit2.Utils	equals(java.lang.reflect.Type,java.lang.reflect.Type)	equals(java.lang.Object)	java.lang.Object	SOURCE
retrofit2.Utils	equals(java.lang.reflect.Type,java.lang.reflect.Type)	getRawType()	java.lang.reflect.ParameterizedType	SOURCE
retrofit2.Utils	equals(java.lang.reflect.Type,java.lang.reflect.Type)	getRawType()	java.lang.reflect.ParameterizedType	SOURCE
retrofit2.Utils	equals(java.lang.reflect.Type,java.lang.reflect.Type)	equals(java.lang.Object[],java.lang.Object[])	java.util.Arrays	SOURCE
retrofit2.Utils	equals(java.lang.reflect.Type,java.lang.reflect.Type)	getActualTypeArguments()	java.lang.reflect.ParameterizedType	SOURCE
retrofit2.Utils	equals(java.lang.reflect.Type,java.lang.reflect.Type)	getActualTypeArguments()	java.lang.reflect.ParameterizedType	SOURCE
retrofit2.Utils	equals(java.lang.reflect.Type,java.lang.reflect.Type)	equals(java.lang.reflect.Type,java.lang.reflect.Type)	retrofit2.Utils	SOURCE
retrofit2.Utils	equals(java.lang.reflect.Type,java.lang.reflect.Type)	getGenericComponentType()	java.lang.reflect.GenericArrayType	SOURCE
retrofit2.Utils	equals(java.lang.reflect.Type,java.lang.reflect.Type)	getGenericComponentType()	java.lang.reflect.GenericArrayType	SOURCE
retrofit2.Utils	equals(java.lang.reflect.Type,java.lang.reflect.Type)	equals(java.lang.Object[],java.lang.Object[])	java.util.Arrays	SOURCE
retrofit2.Utils	equals(java.lang.reflect.Type,java.lang.reflect.Type)	getUpperBounds()	java.lang.reflect.WildcardType	SOURCE
retrofit2.Utils	equals(java.lang.reflect.Type,java.lang.reflect.Type)	getUpperBounds()	java.lang.reflect.WildcardType	SOURCE
retrofit2.Utils	equals(java.lang.reflect.Type,java.lang.reflect.Type)	equals(java.lang.Object[],java.lang.Object[])	java.util.Arrays	SOURCE
retrofit2.Utils	equals(java.lang.reflect.Type,java.lang.reflect.Type)	getLowerBounds()	java.lang.reflect.WildcardType	SOURCE
retrofit2.Utils	equals(java.lang.reflect.Type,java.lang.reflect.Type)	getLowerBounds()	java.lang.reflect.WildcardType	SOURCE
retrofit2.Utils	equals(java.lang.reflect.Type,java.lang.reflect.Type)	getGenericDeclaration()	java.lang.reflect.TypeVariable	SOURCE
retrofit2.Utils	equals(java.lang.reflect.Type,java.lang.reflect.Type)	getGenericDeclaration()	java.lang.reflect.TypeVariable	SOURCE
retrofit2.Utils	equals(java.lang.reflect.Type,java.lang.reflect.Type)	equals(java.lang.Object)	java.lang.String	SOURCE
retrofit2.Utils	equals(java.lang.reflect.Type,java.lang.reflect.Type)	getName()	java.lang.reflect.TypeVariable	SOURCE
retrofit2.Utils	equals(java.lang.reflect.Type,java.lang.reflect.Type)	getName()	java.lang.reflect.TypeVariable	SOURCE
retrofit2.Utils	getGenericSupertype(java.lang.reflect.Type,java.lang.Class<?>,java.lang.Class<?>)	isInterface()	java.lang.Class	SOURCE
retrofit2.Utils	getGenericSupertype(java.lang.reflect.Type,java.lang.Class<?>,java.lang.Class<?>)	getInterfaces()	java.lang.Class	SOURCE
retrofit2.Utils	getGenericSupertype(java.lang.reflect.Type,java.lang.Class<?>,java.lang.Class<?>)	getGenericInterfaces()	java.lang.Class	SOURCE
retrofit2.Utils	getGenericSupertype(java.lang.reflect.Type,java.lang.Class<?>,java.lang.Class<?>)	isAssignableFrom(java.lang.Class<?>)	java.lang.Class	SOURCE
retrofit2.Utils	getGenericSupertype(java.lang.reflect.Type,java.lang.Class<?>,java.lang.Class<?>)	getGenericSupertype(java.lang.reflect.Type,java.lang.Class<?>,java.lang.Class<?>)	retrofit2.Utils	SOURCE
retrofit2.Utils	getGenericSupertype(java.lang.reflect.Type,java.lang.Class<?>,java.lang.Class<?>)	getGenericInterfaces()	java.lang.Class	SOURCE
retrofit2.Utils	getGenericSupertype(java.lang.reflect.Type,java.lang.Class<?>,java.lang.Class<?>)	isInterface()	java.lang.Class	SOURCE
retrofit2.Utils	getGenericSupertype(java.lang.reflect.Type,java.lang.Class<?>,java.lang.Class<?>)	getSuperclass()	java.lang.Class	SOURCE
retrofit2.Utils	getGenericSupertype(java.lang.reflect.Type,java.lang.Class<?>,java.lang.Class<?>)	getGenericSuperclass()	java.lang.Class	SOURCE
retrofit2.Utils	getGenericSupertype(java.lang.reflect.Type,java.lang.Class<?>,java.lang.Class<?>)	isAssignableFrom(java.lang.Class<?>)	java.lang.Class	SOURCE
retrofit2.Utils	getGenericSupertype(java.lang.reflect.Type,java.lang.Class<?>,java.lang.Class<?>)	getGenericSupertype(java.lang.reflect.Type,java.lang.Class<?>,java.lang.Class<?>)	retrofit2.Utils	SOURCE
retrofit2.Utils	getGenericSupertype(java.lang.reflect.Type,java.lang.Class<?>,java.lang.Class<?>)	getGenericSuperclass()	java.lang.Class	SOURCE
retrofit2.Utils	indexOf(java.lang.Object[],java.lang.Object)	equals(java.lang.Object)	java.lang.Object	SOURCE
retrofit2.Utils	indexOf(java.lang.Object[],java.lang.Object)	NoSuchElementException()	java.util.NoSuchElementException	SOURCE
retrofit2.Utils	typeToString(java.lang.reflect.Type)	getName()	java.lang.Class	SOURCE
retrofit2.Utils	typeToString(java.lang.reflect.Type)	toString()	java.lang.Object	SOURCE
retrofit2.Utils	getSupertype(java.lang.reflect.Type,java.lang.Class<?>,java.lang.Class<?>)	isAssignableFrom(java.lang.Class<?>)	java.lang.Class	SOURCE
retrofit2.Utils	getSupertype(java.lang.reflect.Type,java.lang.Class<?>,java.lang.Class<?>)	IllegalArgumentException()	java.lang.IllegalArgumentException	SOURCE
retrofit2.Utils	getSupertype(java.lang.reflect.Type,java.lang.Class<?>,java.lang.Class<?>)	resolve(java.lang.reflect.Type,java.lang.Class<?>,java.lang.reflect.Type)	retrofit2.Utils	SOURCE
retrofit2.Utils	getSupertype(java.lang.reflect.Type,java.lang.Class<?>,java.lang.Class<?>)	getGenericSupertype(java.lang.reflect.Type,java.lang.Class<?>,java.lang.Class<?>)	retrofit2.Utils	SOURCE
retrofit2.Utils	resolve(java.lang.reflect.Type,java.lang.Class<?>,java.lang.reflect.Type)	resolveTypeVariable(java.lang.reflect.Type,java.lang.Class<?>,java.lang.reflect.TypeVariable<?>)	retrofit2.Utils	SOURCE
retrofit2.Utils	resolve(java.lang.reflect.Type,java.lang.Class<?>,java.lang.reflect.Type)	isArray()	java.lang.Class	SOURCE
retrofit2.Utils	resolve(java.lang.reflect.Type,java.lang.Class<?>,java.lang.reflect.Type)	getComponentType()	java.lang.Class	SOURCE
retrofit2.Utils	resolve(java.lang.reflect.Type,java.lang.Class<?>,java.lang.reflect.Type)	resolve(java.lang.reflect.Type,java.lang.Class<?>,java.lang.reflect.Type)	retrofit2.Utils	SOURCE
retrofit2.Utils	resolve(java.lang.reflect.Type,java.lang.Class<?>,java.lang.reflect.Type)	GenericArrayTypeImpl(java.lang.reflect.Type)	retrofit2.Utils$GenericArrayTypeImpl	SOURCE
retrofit2.Utils	resolve(java.lang.reflect.Type,java.lang.Class<?>,java.lang.reflect.Type)	getGenericComponentType()	java.lang.reflect.GenericArrayType	SOURCE
retrofit2.Utils	resolve(java.lang.reflect.Type,java.lang.Class<?>,java.lang.reflect.Type)	resolve(java.lang.reflect.Type,java.lang.Class<?>,java.lang.reflect.Type)	retrofit2.Utils	SOURCE
retrofit2.Utils	resolve(java.lang.reflect.Type,java.lang.Class<?>,java.lang.reflect.Type)	GenericArrayTypeImpl(java.lang.reflect.Type)	retrofit2.Utils$GenericArrayTypeImpl	SOURCE
retrofit2.Utils	resolve(java.lang.reflect.Type,java.lang.Class<?>,java.lang.reflect.Type)	getOwnerType()	java.lang.reflect.ParameterizedType	SOURCE
retrofit2.Utils	resolve(java.lang.reflect.Type,java.lang.Class<?>,java.lang.reflect.Type)	resolve(java.lang.reflect.Type,java.lang.Class<?>,java.lang.reflect.Type)	retrofit2.Utils	SOURCE
retrofit2.Utils	resolve(java.lang.reflect.Type,java.lang.Class<?>,java.lang.reflect.Type)	getActualTypeArguments()	java.lang.reflect.ParameterizedType	SOURCE
retrofit2.Utils	resolve(java.lang.reflect.Type,java.lang.Class<?>,java.lang.reflect.Type)	resolve(java.lang.reflect.Type,java.lang.Class<?>,java.lang.reflect.Type)	retrofit2.Utils	SOURCE
retrofit2.Utils	resolve(java.lang.reflect.Type,java.lang.Class<?>,java.lang.reflect.Type)	clone()	Array	SOURCE
retrofit2.Utils	resolve(java.lang.reflect.Type,java.lang.Class<?>,java.lang.reflect.Type)	ParameterizedTypeImpl(java.lang.reflect.Type,java.lang.reflect.Type,java.lang.reflect.Type...)	retrofit2.Utils$ParameterizedTypeImpl	SOURCE
retrofit2.Utils	resolve(java.lang.reflect.Type,java.lang.Class<?>,java.lang.reflect.Type)	getRawType()	java.lang.reflect.ParameterizedType	SOURCE
retrofit2.Utils	resolve(java.lang.reflect.Type,java.lang.Class<?>,java.lang.reflect.Type)	getLowerBounds()	java.lang.reflect.WildcardType	SOURCE
retrofit2.Utils	resolve(java.lang.reflect.Type,java.lang.Class<?>,java.lang.reflect.Type)	getUpperBounds()	java.lang.reflect.WildcardType	SOURCE
retrofit2.Utils	resolve(java.lang.reflect.Type,java.lang.Class<?>,java.lang.reflect.Type)	resolve(java.lang.reflect.Type,java.lang.Class<?>,java.lang.reflect.Type)	retrofit2.Utils	SOURCE
retrofit2.Utils	resolve(java.lang.reflect.Type,java.lang.Class<?>,java.lang.reflect.Type)	WildcardTypeImpl(java.lang.reflect.Type[],java.lang.reflect.Type[])	retrofit2.Utils$WildcardTypeImpl	SOURCE
retrofit2.Utils	resolve(java.lang.reflect.Type,java.lang.Class<?>,java.lang.reflect.Type)	resolve(java.lang.reflect.Type,java.lang.Class<?>,java.lang.reflect.Type)	retrofit2.Utils	SOURCE
retrofit2.Utils	resolve(java.lang.reflect.Type,java.lang.Class<?>,java.lang.reflect.Type)	WildcardTypeImpl(java.lang.reflect.Type[],java.lang.reflect.Type[])	retrofit2.Utils$WildcardTypeImpl	SOURCE
retrofit2.Utils	resolveTypeVariable(java.lang.reflect.Type,java.lang.Class<?>,java.lang.reflect.TypeVariable<?>)	declaringClassOf(java.lang.reflect.TypeVariable<?>)	retrofit2.Utils	SOURCE
retrofit2.Utils	resolveTypeVariable(java.lang.reflect.Type,java.lang.Class<?>,java.lang.reflect.TypeVariable<?>)	getGenericSupertype(java.lang.reflect.Type,java.lang.Class<?>,java.lang.Class<?>)	retrofit2.Utils	SOURCE
retrofit2.Utils	resolveTypeVariable(java.lang.reflect.Type,java.lang.Class<?>,java.lang.reflect.TypeVariable<?>)	indexOf(java.lang.Object[],java.lang.Object)	retrofit2.Utils	SOURCE
retrofit2.Utils	resolveTypeVariable(java.lang.reflect.Type,java.lang.Class<?>,java.lang.reflect.TypeVariable<?>)	getTypeParameters()	java.lang.Class	SOURCE
retrofit2.Utils	resolveTypeVariable(java.lang.reflect.Type,java.lang.Class<?>,java.lang.reflect.TypeVariable<?>)	getActualTypeArguments()	java.lang.reflect.ParameterizedType	SOURCE
retrofit2.Utils	declaringClassOf(java.lang.reflect.TypeVariable<?>)	getGenericDeclaration()	java.lang.reflect.TypeVariable	SOURCE
retrofit2.Utils	checkNotPrimitive(java.lang.reflect.Type)	isPrimitive()	java.lang.Class	SOURCE
retrofit2.Utils	checkNotPrimitive(java.lang.reflect.Type)	IllegalArgumentException()	java.lang.IllegalArgumentException	SOURCE
retrofit2.Utils	isAnnotationPresent(java.lang.annotation.Annotation[],java.lang.Class<? extends java.lang.annotation.Annotation>)	isInstance(java.lang.Object)	java.lang.Class	SOURCE
retrofit2.Utils	buffer(okhttp3.ResponseBody)	Buffer()	okio.Buffer	SOURCE
retrofit2.Utils	buffer(okhttp3.ResponseBody)	readAll(okio.Sink)	okio.BufferedSource	SOURCE
retrofit2.Utils	buffer(okhttp3.ResponseBody)	source()	okhttp3.ResponseBody	SOURCE
retrofit2.Utils	buffer(okhttp3.ResponseBody)	create(okhttp3.MediaType,long,okio.BufferedSource)	okhttp3.ResponseBody	SOURCE
retrofit2.Utils	buffer(okhttp3.ResponseBody)	contentType()	okhttp3.ResponseBody	SOURCE
retrofit2.Utils	buffer(okhttp3.ResponseBody)	contentLength()	okhttp3.ResponseBody	SOURCE
retrofit2.Utils	getParameterUpperBound(int,java.lang.reflect.ParameterizedType)	getActualTypeArguments()	java.lang.reflect.ParameterizedType	SOURCE
retrofit2.Utils	getParameterUpperBound(int,java.lang.reflect.ParameterizedType)	IllegalArgumentException(java.lang.String)	java.lang.IllegalArgumentException	SOURCE
retrofit2.Utils	getParameterUpperBound(int,java.lang.reflect.ParameterizedType)	getUpperBounds()	java.lang.reflect.WildcardType	SOURCE
retrofit2.Utils	getParameterLowerBound(int,java.lang.reflect.ParameterizedType)	getActualTypeArguments()	java.lang.reflect.ParameterizedType	SOURCE
retrofit2.Utils	getParameterLowerBound(int,java.lang.reflect.ParameterizedType)	getLowerBounds()	java.lang.reflect.WildcardType	SOURCE
retrofit2.Utils	hasUnresolvableType(java.lang.reflect.Type)	getActualTypeArguments()	java.lang.reflect.ParameterizedType	SOURCE
retrofit2.Utils	hasUnresolvableType(java.lang.reflect.Type)	hasUnresolvableType(java.lang.reflect.Type)	retrofit2.Utils	SOURCE
retrofit2.Utils	hasUnresolvableType(java.lang.reflect.Type)	hasUnresolvableType(java.lang.reflect.Type)	retrofit2.Utils	SOURCE
retrofit2.Utils	hasUnresolvableType(java.lang.reflect.Type)	getGenericComponentType()	java.lang.reflect.GenericArrayType	SOURCE
retrofit2.Utils	hasUnresolvableType(java.lang.reflect.Type)	getName()	java.lang.Class	SOURCE
retrofit2.Utils	hasUnresolvableType(java.lang.reflect.Type)	getClass()	java.lang.Object	SOURCE
retrofit2.Utils	hasUnresolvableType(java.lang.reflect.Type)	IllegalArgumentException(java.lang.String)	java.lang.IllegalArgumentException	SOURCE
retrofit2.Utils$ParameterizedTypeImpl	ParameterizedTypeImpl(java.lang.reflect.Type,java.lang.reflect.Type,java.lang.reflect.Type...)	Object()	java.lang.Object	SOURCE
retrofit2.Utils$ParameterizedTypeImpl	ParameterizedTypeImpl(java.lang.reflect.Type,java.lang.reflect.Type,java.lang.reflect.Type...)	getEnclosingClass()	java.lang.Class	SOURCE
retrofit2.Utils$ParameterizedTypeImpl	ParameterizedTypeImpl(java.lang.reflect.Type,java.lang.reflect.Type,java.lang.reflect.Type...)	IllegalArgumentException()	java.lang.IllegalArgumentException	SOURCE
retrofit2.Utils$ParameterizedTypeImpl	ParameterizedTypeImpl(java.lang.reflect.Type,java.lang.reflect.Type,java.lang.reflect.Type...)	<T>requireNonNull(T,java.lang.String)	java.util.Objects	SOURCE
retrofit2.Utils$ParameterizedTypeImpl	ParameterizedTypeImpl(java.lang.reflect.Type,java.lang.reflect.Type,java.lang.reflect.Type...)	checkNotPrimitive(java.lang.reflect.Type)	retrofit2.Utils	SOURCE
retrofit2.Utils$ParameterizedTypeImpl	ParameterizedTypeImpl(java.lang.reflect.Type,java.lang.reflect.Type,java.lang.reflect.Type...)	clone()	Array	SOURCE
retrofit2.Utils$ParameterizedTypeImpl	getActualTypeArguments()	clone()	Array	SOURCE
retrofit2.Utils$ParameterizedTypeImpl	equals(java.lang.Object)	equals(java.lang.reflect.Type,java.lang.reflect.Type)	retrofit2.Utils	SOURCE
retrofit2.Utils$ParameterizedTypeImpl	hashCode()	hashCode(java.lang.Object[])	java.util.Arrays	SOURCE
retrofit2.Utils$ParameterizedTypeImpl	hashCode()	hashCode()	java.lang.Object	SOURCE
retrofit2.Utils$ParameterizedTypeImpl	hashCode()	hashCode()	java.lang.Object	SOURCE
retrofit2.Utils$ParameterizedTypeImpl	toString()	typeToString(java.lang.reflect.Type)	retrofit2.Utils	SOURCE
retrofit2.Utils$ParameterizedTypeImpl	toString()	StringBuilder(int)	java.lang.StringBuilder	SOURCE
retrofit2.Utils$ParameterizedTypeImpl	toString()	append(java.lang.String)	java.lang.StringBuilder	SOURCE
retrofit2.Utils$ParameterizedTypeImpl	toString()	typeToString(java.lang.reflect.Type)	retrofit2.Utils	SOURCE
retrofit2.Utils$ParameterizedTypeImpl	toString()	append(java.lang.String)	java.lang.StringBuilder	SOURCE
retrofit2.Utils$ParameterizedTypeImpl	toString()	append(java.lang.String)	java.lang.StringBuilder	SOURCE
retrofit2.Utils$ParameterizedTypeImpl	toString()	typeToString(java.lang.reflect.Type)	retrofit2.Utils	SOURCE
retrofit2.Utils$ParameterizedTypeImpl	toString()	append(java.lang.String)	java.lang.StringBuilder	SOURCE
retrofit2.Utils$ParameterizedTypeImpl	toString()	append(java.lang.String)	java.lang.StringBuilder	SOURCE
retrofit2.Utils$ParameterizedTypeImpl	toString()	typeToString(java.lang.reflect.Type)	retrofit2.Utils	SOURCE
retrofit2.Utils$ParameterizedTypeImpl	toString()	toString()	java.lang.StringBuilder	SOURCE
retrofit2.Utils$ParameterizedTypeImpl	toString()	append(java.lang.String)	java.lang.StringBuilder	SOURCE
retrofit2.Utils$GenericArrayTypeImpl	GenericArrayTypeImpl(java.lang.reflect.Type)	Object()	java.lang.Object	SOURCE
retrofit2.Utils$GenericArrayTypeImpl	equals(java.lang.Object)	equals(java.lang.reflect.Type,java.lang.reflect.Type)	retrofit2.Utils	SOURCE
retrofit2.Utils$GenericArrayTypeImpl	hashCode()	hashCode()	java.lang.Object	SOURCE
retrofit2.Utils$GenericArrayTypeImpl	toString()	typeToString(java.lang.reflect.Type)	retrofit2.Utils	SOURCE
retrofit2.Utils$WildcardTypeImpl	WildcardTypeImpl(java.lang.reflect.Type[],java.lang.reflect.Type[])	Object()	java.lang.Object	SOURCE
retrofit2.Utils$WildcardTypeImpl	WildcardTypeImpl(java.lang.reflect.Type[],java.lang.reflect.Type[])	IllegalArgumentException()	java.lang.IllegalArgumentException	SOURCE
retrofit2.Utils$WildcardTypeImpl	WildcardTypeImpl(java.lang.reflect.Type[],java.lang.reflect.Type[])	IllegalArgumentException()	java.lang.IllegalArgumentException	SOURCE
retrofit2.Utils$WildcardTypeImpl	WildcardTypeImpl(java.lang.reflect.Type[],java.lang.reflect.Type[])	NullPointerException()	java.lang.NullPointerException	SOURCE
retrofit2.Utils$WildcardTypeImpl	WildcardTypeImpl(java.lang.reflect.Type[],java.lang.reflect.Type[])	checkNotPrimitive(java.lang.reflect.Type)	retrofit2.Utils	SOURCE
retrofit2.Utils$WildcardTypeImpl	WildcardTypeImpl(java.lang.reflect.Type[],java.lang.reflect.Type[])	IllegalArgumentException()	java.lang.IllegalArgumentException	SOURCE
retrofit2.Utils$WildcardTypeImpl	WildcardTypeImpl(java.lang.reflect.Type[],java.lang.reflect.Type[])	NullPointerException()	java.lang.NullPointerException	SOURCE
retrofit2.Utils$WildcardTypeImpl	WildcardTypeImpl(java.lang.reflect.Type[],java.lang.reflect.Type[])	checkNotPrimitive(java.lang.reflect.Type)	retrofit2.Utils	SOURCE
retrofit2.Utils$WildcardTypeImpl	equals(java.lang.Object)	equals(java.lang.reflect.Type,java.lang.reflect.Type)	retrofit2.Utils	SOURCE
retrofit2.Utils$WildcardTypeImpl	hashCode()	hashCode()	java.lang.Object	SOURCE
retrofit2.Utils$WildcardTypeImpl	hashCode()	hashCode()	java.lang.Object	SOURCE
retrofit2.Utils$WildcardTypeImpl	toString()	typeToString(java.lang.reflect.Type)	retrofit2.Utils	SOURCE
retrofit2.Utils$WildcardTypeImpl	toString()	typeToString(java.lang.reflect.Type)	retrofit2.Utils	SOURCE
retrofit2.ServiceMethod	<T>parseAnnotations(retrofit2.Retrofit,java.lang.reflect.Method)	parseAnnotations(retrofit2.Retrofit,java.lang.reflect.Method)	retrofit2.RequestFactory	SOURCE
retrofit2.ServiceMethod	<T>parseAnnotations(retrofit2.Retrofit,java.lang.reflect.Method)	getGenericReturnType()	java.lang.reflect.Method	SOURCE
retrofit2.ServiceMethod	<T>parseAnnotations(retrofit2.Retrofit,java.lang.reflect.Method)	hasUnresolvableType(java.lang.reflect.Type)	retrofit2.Utils	SOURCE
retrofit2.ServiceMethod	<T>parseAnnotations(retrofit2.Retrofit,java.lang.reflect.Method)	methodError(java.lang.reflect.Method,java.lang.String,java.lang.Object...)	retrofit2.Utils	SOURCE
retrofit2.ServiceMethod	<T>parseAnnotations(retrofit2.Retrofit,java.lang.reflect.Method)	methodError(java.lang.reflect.Method,java.lang.String,java.lang.Object...)	retrofit2.Utils	SOURCE
retrofit2.ServiceMethod	<T>parseAnnotations(retrofit2.Retrofit,java.lang.reflect.Method)	<ResponseT,ReturnT>parseAnnotations(retrofit2.Retrofit,java.lang.reflect.Method,retrofit2.RequestFactory)	retrofit2.HttpServiceMethod	SOURCE
retrofit2.Converter$Factory	getParameterUpperBound(int,java.lang.reflect.ParameterizedType)	getParameterUpperBound(int,java.lang.reflect.ParameterizedType)	retrofit2.Utils	SOURCE
retrofit2.Converter$Factory	getRawType(java.lang.reflect.Type)	getRawType(java.lang.reflect.Type)	retrofit2.Utils	SOURCE
retrofit2.CallAdapter$Factory	getParameterUpperBound(int,java.lang.reflect.ParameterizedType)	getParameterUpperBound(int,java.lang.reflect.ParameterizedType)	retrofit2.Utils	SOURCE
retrofit2.CallAdapter$Factory	getRawType(java.lang.reflect.Type)	getRawType(java.lang.reflect.Type)	retrofit2.Utils	SOURCE
retrofit2.Platform	PLATFORM	findPlatform()	retrofit2.Platform	SOURCE
retrofit2.Platform	findPlatform()	getProperty(java.lang.String)	java.lang.System	SOURCE
retrofit2.Platform	findPlatform()	Android()	retrofit2.Platform$Android	SOURCE
retrofit2.Platform	findPlatform()	Platform(boolean)	retrofit2.Platform	SOURCE
retrofit2.Platform	findPlatform()	Platform(boolean)	retrofit2.Platform	SOURCE
retrofit2.Platform	Platform(boolean)	Object()	java.lang.Object	SOURCE
retrofit2.Platform	Platform(boolean)	getDeclaredConstructor(java.lang.Class<?>...)	java.lang.Class	SOURCE
retrofit2.Platform	Platform(boolean)	setAccessible(boolean)	java.lang.reflect.Constructor	SOURCE
retrofit2.Platform	defaultCallAdapterFactories(java.util.concurrent.Executor)	DefaultCallAdapterFactory(java.util.concurrent.Executor)	retrofit2.DefaultCallAdapterFactory	SOURCE
retrofit2.Platform	defaultCallAdapterFactories(java.util.concurrent.Executor)	<T>asList(T...)	java.util.Arrays	SOURCE
retrofit2.Platform	defaultCallAdapterFactories(java.util.concurrent.Executor)	<T>singletonList(T)	java.util.Collections	SOURCE
retrofit2.Platform	defaultConverterFactories()	<T>singletonList(T)	java.util.Collections	SOURCE
retrofit2.Platform	defaultConverterFactories()	<T>emptyList()	java.util.Collections	SOURCE
retrofit2.Platform	isDefaultMethod(java.lang.reflect.Method)	isDefault()	java.lang.reflect.Method	SOURCE
retrofit2.Platform	invokeDefaultMethod(java.lang.reflect.Method,java.lang.Class<?>,java.lang.Object,java.lang.Object...)	newInstance(java.lang.Object...)	java.lang.reflect.Constructor	SOURCE
retrofit2.Platform	invokeDefaultMethod(java.lang.reflect.Method,java.lang.Class<?>,java.lang.Object,java.lang.Object...)	lookup()	java.lang.invoke.MethodHandles	SOURCE
retrofit2.Platform	invokeDefaultMethod(java.lang.reflect.Method,java.lang.Class<?>,java.lang.Object,java.lang.Object...)	invokeWithArguments(java.lang.Object...)	java.lang.invoke.MethodHandle	SOURCE
retrofit2.Platform	invokeDefaultMethod(java.lang.reflect.Method,java.lang.Class<?>,java.lang.Object,java.lang.Object...)	bindTo(java.lang.Object)	java.lang.invoke.MethodHandle	SOURCE
retrofit2.Platform	invokeDefaultMethod(java.lang.reflect.Method,java.lang.Class<?>,java.lang.Object,java.lang.Object...)	unreflectSpecial(java.lang.reflect.Method,java.lang.Class<?>)	java.lang.invoke.MethodHandles$Lookup	SOURCE
retrofit2.Platform$Android	Android()	Platform(boolean)	retrofit2.Platform	SOURCE
retrofit2.Platform$Android	defaultCallbackExecutor()	MainThreadExecutor()	retrofit2.Platform$Android$MainThreadExecutor	SOURCE
retrofit2.Platform$Android	invokeDefaultMethod(java.lang.reflect.Method,java.lang.Class<?>,java.lang.Object,java.lang.Object...)	UnsupportedOperationException(java.lang.String)	java.lang.UnsupportedOperationException	SOURCE
retrofit2.Platform$Android	invokeDefaultMethod(java.lang.reflect.Method,java.lang.Class<?>,java.lang.Object,java.lang.Object...)	invokeDefaultMethod(java.lang.reflect.Method,java.lang.Class<?>,java.lang.Object,java.lang.Object...)	retrofit2.Platform	SOURCE
retrofit2.Platform$Android$MainThreadExecutor	handler	Handler(android.os.Looper)	android.os.Handler	SOURCE
retrofit2.Platform$Android$MainThreadExecutor	handler	getMainLooper()	android.os.Looper	SOURCE
retrofit2.Platform$Android$MainThreadExecutor	execute(java.lang.Runnable)	post(java.lang.Runnable)	android.os.Handler	SOURCE
retrofit2.OkHttpCall	OkHttpCall(retrofit2.RequestFactory,java.lang.Object[],okhttp3.Call.Factory,retrofit2.Converter<okhttp3.ResponseBody,T>)	Object()	java.lang.Object	SOURCE
retrofit2.OkHttpCall	clone()	OkHttpCall(retrofit2.RequestFactory,java.lang.Object[],okhttp3.Call.Factory,retrofit2.Converter<okhttp3.ResponseBody,T>)	retrofit2.OkHttpCall	SOURCE
retrofit2.OkHttpCall	request()	request()	okhttp3.Call	SOURCE
retrofit2.OkHttpCall	request()	getRawCall()	retrofit2.OkHttpCall	SOURCE
retrofit2.OkHttpCall	request()	RuntimeException(java.lang.String,java.lang.Throwable)	java.lang.RuntimeException	SOURCE
retrofit2.OkHttpCall	timeout()	timeout()	okhttp3.Call	SOURCE
retrofit2.OkHttpCall	timeout()	getRawCall()	retrofit2.OkHttpCall	SOURCE
retrofit2.OkHttpCall	timeout()	RuntimeException(java.lang.String,java.lang.Throwable)	java.lang.RuntimeException	SOURCE
retrofit2.OkHttpCall	getRawCall()	createRawCall()	retrofit2.OkHttpCall	SOURCE
retrofit2.OkHttpCall	getRawCall()	throwIfFatal(java.lang.Throwable)	retrofit2.Utils	SOURCE
retrofit2.OkHttpCall	enqueue(retrofit2.Callback<T>)	<T>requireNonNull(T,java.lang.String)	java.util.Objects	SOURCE
retrofit2.OkHttpCall	enqueue(retrofit2.Callback<T>)	IllegalStateException(java.lang.String)	java.lang.IllegalStateException	SOURCE
retrofit2.OkHttpCall	enqueue(retrofit2.Callback<T>)	createRawCall()	retrofit2.OkHttpCall	SOURCE
retrofit2.OkHttpCall	enqueue(retrofit2.Callback<T>)	throwIfFatal(java.lang.Throwable)	retrofit2.Utils	SOURCE
retrofit2.OkHttpCall	enqueue(retrofit2.Callback<T>)	onFailure(retrofit2.Call<T>,java.lang.Throwable)	retrofit2.Callback	SOURCE
retrofit2.OkHttpCall	enqueue(retrofit2.Callback<T>)	cancel()	okhttp3.Call	SOURCE
retrofit2.OkHttpCall	enqueue(retrofit2.Callback<T>)	enqueue(okhttp3.Callback)	okhttp3.Call	SOURCE
retrofit2.OkHttpCall	enqueue(retrofit2.Callback<T>)	()	retrofit2.OkHttpCall$1	SOURCE
retrofit2.OkHttpCall$1	onResponse(okhttp3.Call,okhttp3.Response)	parseResponse(okhttp3.Response)	retrofit2.OkHttpCall	SOURCE
retrofit2.OkHttpCall$1	onResponse(okhttp3.Call,okhttp3.Response)	throwIfFatal(java.lang.Throwable)	retrofit2.Utils	SOURCE
retrofit2.OkHttpCall$1	onResponse(okhttp3.Call,okhttp3.Response)	callFailure(java.lang.Throwable)	retrofit2.OkHttpCall$1	SOURCE
retrofit2.OkHttpCall$1	onResponse(okhttp3.Call,okhttp3.Response)	onResponse(retrofit2.Call<T>,retrofit2.Response<T>)	retrofit2.Callback	SOURCE
retrofit2.OkHttpCall$1	onResponse(okhttp3.Call,okhttp3.Response)	throwIfFatal(java.lang.Throwable)	retrofit2.Utils	SOURCE
retrofit2.OkHttpCall$1	onResponse(okhttp3.Call,okhttp3.Response)	printStackTrace()	java.lang.Throwable	SOURCE
retrofit2.OkHttpCall$1	onFailure(okhttp3.Call,java.io.IOException)	callFailure(java.lang.Throwable)	retrofit2.OkHttpCall$1	SOURCE
retrofit2.OkHttpCall$1	callFailure(java.lang.Throwable)	onFailure(retrofit2.Call<T>,java.lang.Throwable)	retrofit2.Callback	SOURCE
retrofit2.OkHttpCall$1	callFailure(java.lang.Throwable)	throwIfFatal(java.lang.Throwable)	retrofit2.Utils	SOURCE
retrofit2.OkHttpCall$1	callFailure(java.lang.Throwable)	printStackTrace()	java.lang.Throwable	SOURCE
retrofit2.OkHttpCall	execute()	IllegalStateException(java.lang.String)	java.lang.IllegalStateException	SOURCE
retrofit2.OkHttpCall	execute()	getRawCall()	retrofit2.OkHttpCall	SOURCE
retrofit2.OkHttpCall	execute()	cancel()	okhttp3.Call	SOURCE
retrofit2.OkHttpCall	execute()	parseResponse(okhttp3.Response)	retrofit2.OkHttpCall	SOURCE
retrofit2.OkHttpCall	execute()	execute()	okhttp3.Call	SOURCE
retrofit2.OkHttpCall	createRawCall()	newCall(okhttp3.Request)	okhttp3.Call$Factory	SOURCE
retrofit2.OkHttpCall	createRawCall()	create(java.lang.Object[])	retrofit2.RequestFactory	SOURCE
retrofit2.OkHttpCall	createRawCall()	NullPointerException(java.lang.String)	java.lang.NullPointerException	SOURCE
retrofit2.OkHttpCall	parseResponse(okhttp3.Response)	body()	okhttp3.Response	SOURCE
retrofit2.OkHttpCall	parseResponse(okhttp3.Response)	build()	okhttp3.Response$Builder	SOURCE
retrofit2.OkHttpCall	parseResponse(okhttp3.Response)	body(okhttp3.ResponseBody)	okhttp3.Response$Builder	SOURCE
retrofit2.OkHttpCall	parseResponse(okhttp3.Response)	newBuilder()	okhttp3.Response	SOURCE
retrofit2.OkHttpCall	parseResponse(okhttp3.Response)	NoContentResponseBody(okhttp3.MediaType,long)	retrofit2.OkHttpCall$NoContentResponseBody	SOURCE
retrofit2.OkHttpCall	parseResponse(okhttp3.Response)	contentType()	okhttp3.ResponseBody	SOURCE
retrofit2.OkHttpCall	parseResponse(okhttp3.Response)	contentLength()	okhttp3.ResponseBody	SOURCE
retrofit2.OkHttpCall	parseResponse(okhttp3.Response)	code()	okhttp3.Response	SOURCE
retrofit2.OkHttpCall	parseResponse(okhttp3.Response)	buffer(okhttp3.ResponseBody)	retrofit2.Utils	SOURCE
retrofit2.OkHttpCall	parseResponse(okhttp3.Response)	<T>error(okhttp3.ResponseBody,okhttp3.Response)	retrofit2.Response	SOURCE
retrofit2.OkHttpCall	parseResponse(okhttp3.Response)	close()	okhttp3.ResponseBody	SOURCE
retrofit2.OkHttpCall	parseResponse(okhttp3.Response)	close()	okhttp3.ResponseBody	SOURCE
retrofit2.OkHttpCall	parseResponse(okhttp3.Response)	<T>success(T,okhttp3.Response)	retrofit2.Response	SOURCE
retrofit2.OkHttpCall	parseResponse(okhttp3.Response)	ExceptionCatchingResponseBody(okhttp3.ResponseBody)	retrofit2.OkHttpCall$ExceptionCatchingResponseBody	SOURCE
retrofit2.OkHttpCall	parseResponse(okhttp3.Response)	convert(F)	retrofit2.Converter	SOURCE
retrofit2.OkHttpCall	parseResponse(okhttp3.Response)	<T>success(T,okhttp3.Response)	retrofit2.Response	SOURCE
retrofit2.OkHttpCall	parseResponse(okhttp3.Response)	throwIfCaught()	retrofit2.OkHttpCall$ExceptionCatchingResponseBody	SOURCE
retrofit2.OkHttpCall	cancel()	cancel()	okhttp3.Call	SOURCE
retrofit2.OkHttpCall	isCanceled()	isCanceled()	okhttp3.Call	SOURCE
retrofit2.OkHttpCall$NoContentResponseBody	NoContentResponseBody(okhttp3.MediaType,long)	ResponseBody()	okhttp3.ResponseBody	SOURCE
retrofit2.OkHttpCall$NoContentResponseBody	source()	IllegalStateException(java.lang.String)	java.lang.IllegalStateException	SOURCE
retrofit2.OkHttpCall$ExceptionCatchingResponseBody	ExceptionCatchingResponseBody(okhttp3.ResponseBody)	ResponseBody()	okhttp3.ResponseBody	SOURCE
retrofit2.OkHttpCall$ExceptionCatchingResponseBody	ExceptionCatchingResponseBody(okhttp3.ResponseBody)	buffer(okio.Source)	okio.Okio	SOURCE
retrofit2.OkHttpCall$ExceptionCatchingResponseBody	ExceptionCatchingResponseBody(okhttp3.ResponseBody)	(okio.Source)	retrofit2.OkHttpCall$ExceptionCatchingResponseBody$1	SOURCE
retrofit2.OkHttpCall$ExceptionCatchingResponseBody	ExceptionCatchingResponseBody(okhttp3.ResponseBody)	source()	okhttp3.ResponseBody	SOURCE
retrofit2.OkHttpCall$ExceptionCatchingResponseBody$1	read(okio.Buffer,long)	read(okio.Buffer,long)	okio.ForwardingSource	SOURCE
retrofit2.OkHttpCall$ExceptionCatchingResponseBody	contentType()	contentType()	okhttp3.ResponseBody	SOURCE
retrofit2.OkHttpCall$ExceptionCatchingResponseBody	contentLength()	contentLength()	okhttp3.ResponseBody	SOURCE
retrofit2.OkHttpCall$ExceptionCatchingResponseBody	close()	close()	okhttp3.ResponseBody	SOURCE
retrofit2.RequestFactory	parseAnnotations(retrofit2.Retrofit,java.lang.reflect.Method)	build()	retrofit2.RequestFactory$Builder	SOURCE
retrofit2.RequestFactory	parseAnnotations(retrofit2.Retrofit,java.lang.reflect.Method)	Builder(retrofit2.Retrofit,java.lang.reflect.Method)	retrofit2.RequestFactory$Builder	SOURCE
retrofit2.RequestFactory	RequestFactory(retrofit2.RequestFactory.Builder)	Object()	java.lang.Object	SOURCE
retrofit2.RequestFactory	create(java.lang.Object[])	IllegalArgumentException(java.lang.String)	java.lang.IllegalArgumentException	SOURCE
retrofit2.RequestFactory	create(java.lang.Object[])	RequestBuilder(java.lang.String,okhttp3.HttpUrl,java.lang.String,okhttp3.Headers,okhttp3.MediaType,boolean,boolean,boolean)	retrofit2.RequestBuilder	SOURCE
retrofit2.RequestFactory	create(java.lang.Object[])	ArrayList(int)	java.util.ArrayList	SOURCE
retrofit2.RequestFactory	create(java.lang.Object[])	add(E)	java.util.List	SOURCE
retrofit2.RequestFactory	create(java.lang.Object[])	apply(retrofit2.RequestBuilder,T)	retrofit2.ParameterHandler	SOURCE
retrofit2.RequestFactory	create(java.lang.Object[])	build()	okhttp3.Request$Builder	SOURCE
retrofit2.RequestFactory	create(java.lang.Object[])	<T>tag(java.lang.Class<? super T>,T)	okhttp3.Request$Builder	SOURCE
retrofit2.RequestFactory	create(java.lang.Object[])	get()	retrofit2.RequestBuilder	SOURCE
retrofit2.RequestFactory	create(java.lang.Object[])	Invocation(java.lang.reflect.Method,java.util.List<?>)	retrofit2.Invocation	SOURCE
retrofit2.RequestFactory$Builder	PARAM_URL_REGEX	compile(java.lang.String)	java.util.regex.Pattern	SOURCE
retrofit2.RequestFactory$Builder	PARAM_NAME_REGEX	compile(java.lang.String)	java.util.regex.Pattern	SOURCE
retrofit2.RequestFactory$Builder	Builder(retrofit2.Retrofit,java.lang.reflect.Method)	Object()	java.lang.Object	SOURCE
retrofit2.RequestFactory$Builder	Builder(retrofit2.Retrofit,java.lang.reflect.Method)	getAnnotations()	java.lang.reflect.AccessibleObject	SOURCE
retrofit2.RequestFactory$Builder	Builder(retrofit2.Retrofit,java.lang.reflect.Method)	getGenericParameterTypes()	java.lang.reflect.Method	SOURCE
retrofit2.RequestFactory$Builder	Builder(retrofit2.Retrofit,java.lang.reflect.Method)	getParameterAnnotations()	java.lang.reflect.Method	SOURCE
retrofit2.RequestFactory$Builder	build()	parseMethodAnnotation(java.lang.annotation.Annotation)	retrofit2.RequestFactory$Builder	SOURCE
retrofit2.RequestFactory$Builder	build()	methodError(java.lang.reflect.Method,java.lang.String,java.lang.Object...)	retrofit2.Utils	SOURCE
retrofit2.RequestFactory$Builder	build()	methodError(java.lang.reflect.Method,java.lang.String,java.lang.Object...)	retrofit2.Utils	SOURCE
retrofit2.RequestFactory$Builder	build()	methodError(java.lang.reflect.Method,java.lang.String,java.lang.Object...)	retrofit2.Utils	SOURCE
retrofit2.RequestFactory$Builder	build()	parseParameter(int,java.lang.reflect.Type,java.lang.annotation.Annotation[],boolean)	retrofit2.RequestFactory$Builder	SOURCE
retrofit2.RequestFactory$Builder	build()	methodError(java.lang.reflect.Method,java.lang.String,java.lang.Object...)	retrofit2.Utils	SOURCE
retrofit2.RequestFactory$Builder	build()	methodError(java.lang.reflect.Method,java.lang.String,java.lang.Object...)	retrofit2.Utils	SOURCE
retrofit2.RequestFactory$Builder	build()	methodError(java.lang.reflect.Method,java.lang.String,java.lang.Object...)	retrofit2.Utils	SOURCE
retrofit2.RequestFactory$Builder	build()	methodError(java.lang.reflect.Method,java.lang.String,java.lang.Object...)	retrofit2.Utils	SOURCE
retrofit2.RequestFactory$Builder	build()	RequestFactory(retrofit2.RequestFactory.Builder)	retrofit2.RequestFactory	SOURCE
retrofit2.RequestFactory$Builder	parseMethodAnnotation(java.lang.annotation.Annotation)	parseHttpMethodAndPath(java.lang.String,java.lang.String,boolean)	retrofit2.RequestFactory$Builder	SOURCE
retrofit2.RequestFactory$Builder	parseMethodAnnotation(java.lang.annotation.Annotation)	value()	retrofit2.http.DELETE	SOURCE
retrofit2.RequestFactory$Builder	parseMethodAnnotation(java.lang.annotation.Annotation)	parseHttpMethodAndPath(java.lang.String,java.lang.String,boolean)	retrofit2.RequestFactory$Builder	SOURCE
retrofit2.RequestFactory$Builder	parseMethodAnnotation(java.lang.annotation.Annotation)	value()	retrofit2.http.GET	SOURCE
retrofit2.RequestFactory$Builder	parseMethodAnnotation(java.lang.annotation.Annotation)	parseHttpMethodAndPath(java.lang.String,java.lang.String,boolean)	retrofit2.RequestFactory$Builder	SOURCE
retrofit2.RequestFactory$Builder	parseMethodAnnotation(java.lang.annotation.Annotation)	value()	retrofit2.http.HEAD	SOURCE
retrofit2.RequestFactory$Builder	parseMethodAnnotation(java.lang.annotation.Annotation)	parseHttpMethodAndPath(java.lang.String,java.lang.String,boolean)	retrofit2.RequestFactory$Builder	SOURCE
retrofit2.RequestFactory$Builder	parseMethodAnnotation(java.lang.annotation.Annotation)	value()	retrofit2.http.PATCH	SOURCE
retrofit2.RequestFactory$Builder	parseMethodAnnotation(java.lang.annotation.Annotation)	parseHttpMethodAndPath(java.lang.String,java.lang.String,boolean)	retrofit2.RequestFactory$Builder	SOURCE
retrofit2.RequestFactory$Builder	parseMethodAnnotation(java.lang.annotation.Annotation)	value()	retrofit2.http.POST	SOURCE
retrofit2.RequestFactory$Builder	parseMethodAnnotation(java.lang.annotation.Annotation)	parseHttpMethodAndPath(java.lang.String,java.lang.String,boolean)	retrofit2.RequestFactory$Builder	SOURCE
retrofit2.RequestFactory$Builder	parseMethodAnnotation(java.lang.annotation.Annotation)	value()	retrofit2.http.PUT	SOURCE
retrofit2.RequestFactory$Builder	parseMethodAnnotation(java.lang.annotation.Annotation)	parseHttpMethodAndPath(java.lang.String,java.lang.String,boolean)	retrofit2.RequestFactory$Builder	SOURCE
retrofit2.RequestFactory$Builder	parseMethodAnnotation(java.lang.annotation.Annotation)	value()	retrofit2.http.OPTIONS	SOURCE
retrofit2.RequestFactory$Builder	parseMethodAnnotation(java.lang.annotation.Annotation)	parseHttpMethodAndPath(java.lang.String,java.lang.String,boolean)	retrofit2.RequestFactory$Builder	SOURCE
retrofit2.RequestFactory$Builder	parseMethodAnnotation(java.lang.annotation.Annotation)	method()	retrofit2.http.HTTP	SOURCE
retrofit2.RequestFactory$Builder	parseMethodAnnotation(java.lang.annotation.Annotation)	path()	retrofit2.http.HTTP	SOURCE
retrofit2.RequestFactory$Builder	parseMethodAnnotation(java.lang.annotation.Annotation)	hasBody()	retrofit2.http.HTTP	SOURCE
retrofit2.RequestFactory$Builder	parseMethodAnnotation(java.lang.annotation.Annotation)	value()	retrofit2.http.Headers	SOURCE
retrofit2.RequestFactory$Builder	parseMethodAnnotation(java.lang.annotation.Annotation)	methodError(java.lang.reflect.Method,java.lang.String,java.lang.Object...)	retrofit2.Utils	SOURCE
retrofit2.RequestFactory$Builder	parseMethodAnnotation(java.lang.annotation.Annotation)	parseHeaders(java.lang.String[])	retrofit2.RequestFactory$Builder	SOURCE
retrofit2.RequestFactory$Builder	parseMethodAnnotation(java.lang.annotation.Annotation)	methodError(java.lang.reflect.Method,java.lang.String,java.lang.Object...)	retrofit2.Utils	SOURCE
retrofit2.RequestFactory$Builder	parseMethodAnnotation(java.lang.annotation.Annotation)	methodError(java.lang.reflect.Method,java.lang.String,java.lang.Object...)	retrofit2.Utils	SOURCE
retrofit2.RequestFactory$Builder	parseHttpMethodAndPath(java.lang.String,java.lang.String,boolean)	methodError(java.lang.reflect.Method,java.lang.String,java.lang.Object...)	retrofit2.Utils	SOURCE
retrofit2.RequestFactory$Builder	parseHttpMethodAndPath(java.lang.String,java.lang.String,boolean)	isEmpty()	java.lang.String	SOURCE
retrofit2.RequestFactory$Builder	parseHttpMethodAndPath(java.lang.String,java.lang.String,boolean)	indexOf(int)	java.lang.String	SOURCE
retrofit2.RequestFactory$Builder	parseHttpMethodAndPath(java.lang.String,java.lang.String,boolean)	length()	java.lang.String	SOURCE
retrofit2.RequestFactory$Builder	parseHttpMethodAndPath(java.lang.String,java.lang.String,boolean)	substring(int)	java.lang.String	SOURCE
retrofit2.RequestFactory$Builder	parseHttpMethodAndPath(java.lang.String,java.lang.String,boolean)	matcher(java.lang.CharSequence)	java.util.regex.Pattern	SOURCE
retrofit2.RequestFactory$Builder	parseHttpMethodAndPath(java.lang.String,java.lang.String,boolean)	find()	java.util.regex.Matcher	SOURCE
retrofit2.RequestFactory$Builder	parseHttpMethodAndPath(java.lang.String,java.lang.String,boolean)	methodError(java.lang.reflect.Method,java.lang.String,java.lang.Object...)	retrofit2.Utils	SOURCE
retrofit2.RequestFactory$Builder	parseHttpMethodAndPath(java.lang.String,java.lang.String,boolean)	parsePathParameters(java.lang.String)	retrofit2.RequestFactory$Builder	SOURCE
retrofit2.RequestFactory$Builder	parseHeaders(java.lang.String[])	Builder()	okhttp3.Headers$Builder	SOURCE
retrofit2.RequestFactory$Builder	parseHeaders(java.lang.String[])	indexOf(int)	java.lang.String	SOURCE
retrofit2.RequestFactory$Builder	parseHeaders(java.lang.String[])	length()	java.lang.String	SOURCE
retrofit2.RequestFactory$Builder	parseHeaders(java.lang.String[])	methodError(java.lang.reflect.Method,java.lang.String,java.lang.Object...)	retrofit2.Utils	SOURCE
retrofit2.RequestFactory$Builder	parseHeaders(java.lang.String[])	substring(int,int)	java.lang.String	SOURCE
retrofit2.RequestFactory$Builder	parseHeaders(java.lang.String[])	trim()	java.lang.String	SOURCE
retrofit2.RequestFactory$Builder	parseHeaders(java.lang.String[])	substring(int)	java.lang.String	SOURCE
retrofit2.RequestFactory$Builder	parseHeaders(java.lang.String[])	equalsIgnoreCase(java.lang.String)	java.lang.String	SOURCE
retrofit2.RequestFactory$Builder	parseHeaders(java.lang.String[])	get(java.lang.String)	okhttp3.MediaType	SOURCE
retrofit2.RequestFactory$Builder	parseHeaders(java.lang.String[])	methodError(java.lang.reflect.Method,java.lang.Throwable,java.lang.String,java.lang.Object...)	retrofit2.Utils	SOURCE
retrofit2.RequestFactory$Builder	parseHeaders(java.lang.String[])	add(java.lang.String,java.lang.String)	okhttp3.Headers$Builder	SOURCE
retrofit2.RequestFactory$Builder	parseHeaders(java.lang.String[])	build()	okhttp3.Headers$Builder	SOURCE
retrofit2.RequestFactory$Builder	parseParameter(int,java.lang.reflect.Type,java.lang.annotation.Annotation[],boolean)	parseParameterAnnotation(int,java.lang.reflect.Type,java.lang.annotation.Annotation[],java.lang.annotation.Annotation)	retrofit2.RequestFactory$Builder	SOURCE
retrofit2.RequestFactory$Builder	parseParameter(int,java.lang.reflect.Type,java.lang.annotation.Annotation[],boolean)	parameterError(java.lang.reflect.Method,int,java.lang.String,java.lang.Object...)	retrofit2.Utils	SOURCE
retrofit2.RequestFactory$Builder	parseParameter(int,java.lang.reflect.Type,java.lang.annotation.Annotation[],boolean)	getRawType(java.lang.reflect.Type)	retrofit2.Utils	SOURCE
retrofit2.RequestFactory$Builder	parseParameter(int,java.lang.reflect.Type,java.lang.annotation.Annotation[],boolean)	parameterError(java.lang.reflect.Method,int,java.lang.String,java.lang.Object...)	retrofit2.Utils	SOURCE
retrofit2.RequestFactory$Builder	parseParameterAnnotation(int,java.lang.reflect.Type,java.lang.annotation.Annotation[],java.lang.annotation.Annotation)	validateResolvableType(int,java.lang.reflect.Type)	retrofit2.RequestFactory$Builder	SOURCE
retrofit2.RequestFactory$Builder	parseParameterAnnotation(int,java.lang.reflect.Type,java.lang.annotation.Annotation[],java.lang.annotation.Annotation)	parameterError(java.lang.reflect.Method,int,java.lang.String,java.lang.Object...)	retrofit2.Utils	SOURCE
retrofit2.RequestFactory$Builder	parseParameterAnnotation(int,java.lang.reflect.Type,java.lang.annotation.Annotation[],java.lang.annotation.Annotation)	parameterError(java.lang.reflect.Method,int,java.lang.String,java.lang.Object...)	retrofit2.Utils	SOURCE
retrofit2.RequestFactory$Builder	parseParameterAnnotation(int,java.lang.reflect.Type,java.lang.annotation.Annotation[],java.lang.annotation.Annotation)	parameterError(java.lang.reflect.Method,int,java.lang.String,java.lang.Object...)	retrofit2.Utils	SOURCE
retrofit2.RequestFactory$Builder	parseParameterAnnotation(int,java.lang.reflect.Type,java.lang.annotation.Annotation[],java.lang.annotation.Annotation)	parameterError(java.lang.reflect.Method,int,java.lang.String,java.lang.Object...)	retrofit2.Utils	SOURCE
retrofit2.RequestFactory$Builder	parseParameterAnnotation(int,java.lang.reflect.Type,java.lang.annotation.Annotation[],java.lang.annotation.Annotation)	parameterError(java.lang.reflect.Method,int,java.lang.String,java.lang.Object...)	retrofit2.Utils	SOURCE
retrofit2.RequestFactory$Builder	parseParameterAnnotation(int,java.lang.reflect.Type,java.lang.annotation.Annotation[],java.lang.annotation.Annotation)	parameterError(java.lang.reflect.Method,int,java.lang.String,java.lang.Object...)	retrofit2.Utils	SOURCE
retrofit2.RequestFactory$Builder	parseParameterAnnotation(int,java.lang.reflect.Type,java.lang.annotation.Annotation[],java.lang.annotation.Annotation)	equals(java.lang.Object)	java.lang.String	SOURCE
retrofit2.RequestFactory$Builder	parseParameterAnnotation(int,java.lang.reflect.Type,java.lang.annotation.Annotation[],java.lang.annotation.Annotation)	getName()	java.lang.Class	SOURCE
retrofit2.RequestFactory$Builder	parseParameterAnnotation(int,java.lang.reflect.Type,java.lang.annotation.Annotation[],java.lang.annotation.Annotation)	RelativeUrl(java.lang.reflect.Method,int)	retrofit2.ParameterHandler$RelativeUrl	SOURCE
retrofit2.RequestFactory$Builder	parseParameterAnnotation(int,java.lang.reflect.Type,java.lang.annotation.Annotation[],java.lang.annotation.Annotation)	parameterError(java.lang.reflect.Method,int,java.lang.String,java.lang.Object...)	retrofit2.Utils	SOURCE
retrofit2.RequestFactory$Builder	parseParameterAnnotation(int,java.lang.reflect.Type,java.lang.annotation.Annotation[],java.lang.annotation.Annotation)	validateResolvableType(int,java.lang.reflect.Type)	retrofit2.RequestFactory$Builder	SOURCE
retrofit2.RequestFactory$Builder	parseParameterAnnotation(int,java.lang.reflect.Type,java.lang.annotation.Annotation[],java.lang.annotation.Annotation)	parameterError(java.lang.reflect.Method,int,java.lang.String,java.lang.Object...)	retrofit2.Utils	SOURCE
retrofit2.RequestFactory$Builder	parseParameterAnnotation(int,java.lang.reflect.Type,java.lang.annotation.Annotation[],java.lang.annotation.Annotation)	parameterError(java.lang.reflect.Method,int,java.lang.String,java.lang.Object...)	retrofit2.Utils	SOURCE
retrofit2.RequestFactory$Builder	parseParameterAnnotation(int,java.lang.reflect.Type,java.lang.annotation.Annotation[],java.lang.annotation.Annotation)	parameterError(java.lang.reflect.Method,int,java.lang.String,java.lang.Object...)	retrofit2.Utils	SOURCE
retrofit2.RequestFactory$Builder	parseParameterAnnotation(int,java.lang.reflect.Type,java.lang.annotation.Annotation[],java.lang.annotation.Annotation)	parameterError(java.lang.reflect.Method,int,java.lang.String,java.lang.Object...)	retrofit2.Utils	SOURCE
retrofit2.RequestFactory$Builder	parseParameterAnnotation(int,java.lang.reflect.Type,java.lang.annotation.Annotation[],java.lang.annotation.Annotation)	parameterError(java.lang.reflect.Method,int,java.lang.String,java.lang.Object...)	retrofit2.Utils	SOURCE
retrofit2.RequestFactory$Builder	parseParameterAnnotation(int,java.lang.reflect.Type,java.lang.annotation.Annotation[],java.lang.annotation.Annotation)	value()	retrofit2.http.Path	SOURCE
retrofit2.RequestFactory$Builder	parseParameterAnnotation(int,java.lang.reflect.Type,java.lang.annotation.Annotation[],java.lang.annotation.Annotation)	validatePathName(int,java.lang.String)	retrofit2.RequestFactory$Builder	SOURCE
retrofit2.RequestFactory$Builder	parseParameterAnnotation(int,java.lang.reflect.Type,java.lang.annotation.Annotation[],java.lang.annotation.Annotation)	<T>stringConverter(java.lang.reflect.Type,java.lang.annotation.Annotation[])	retrofit2.Retrofit	SOURCE
retrofit2.RequestFactory$Builder	parseParameterAnnotation(int,java.lang.reflect.Type,java.lang.annotation.Annotation[],java.lang.annotation.Annotation)	Path(java.lang.reflect.Method,int,java.lang.String,retrofit2.Converter<T,java.lang.String>,boolean)	retrofit2.ParameterHandler$Path	SOURCE
retrofit2.RequestFactory$Builder	parseParameterAnnotation(int,java.lang.reflect.Type,java.lang.annotation.Annotation[],java.lang.annotation.Annotation)	encoded()	retrofit2.http.Path	SOURCE
retrofit2.RequestFactory$Builder	parseParameterAnnotation(int,java.lang.reflect.Type,java.lang.annotation.Annotation[],java.lang.annotation.Annotation)	validateResolvableType(int,java.lang.reflect.Type)	retrofit2.RequestFactory$Builder	SOURCE
retrofit2.RequestFactory$Builder	parseParameterAnnotation(int,java.lang.reflect.Type,java.lang.annotation.Annotation[],java.lang.annotation.Annotation)	value()	retrofit2.http.Query	SOURCE
retrofit2.RequestFactory$Builder	parseParameterAnnotation(int,java.lang.reflect.Type,java.lang.annotation.Annotation[],java.lang.annotation.Annotation)	encoded()	retrofit2.http.Query	SOURCE
retrofit2.RequestFactory$Builder	parseParameterAnnotation(int,java.lang.reflect.Type,java.lang.annotation.Annotation[],java.lang.annotation.Annotation)	getRawType(java.lang.reflect.Type)	retrofit2.Utils	SOURCE
retrofit2.RequestFactory$Builder	parseParameterAnnotation(int,java.lang.reflect.Type,java.lang.annotation.Annotation[],java.lang.annotation.Annotation)	isAssignableFrom(java.lang.Class<?>)	java.lang.Class	SOURCE
retrofit2.RequestFactory$Builder	parseParameterAnnotation(int,java.lang.reflect.Type,java.lang.annotation.Annotation[],java.lang.annotation.Annotation)	parameterError(java.lang.reflect.Method,int,java.lang.String,java.lang.Object...)	retrofit2.Utils	SOURCE
retrofit2.RequestFactory$Builder	parseParameterAnnotation(int,java.lang.reflect.Type,java.lang.annotation.Annotation[],java.lang.annotation.Annotation)	getSimpleName()	java.lang.Class	SOURCE
retrofit2.RequestFactory$Builder	parseParameterAnnotation(int,java.lang.reflect.Type,java.lang.annotation.Annotation[],java.lang.annotation.Annotation)	getSimpleName()	java.lang.Class	SOURCE
retrofit2.RequestFactory$Builder	parseParameterAnnotation(int,java.lang.reflect.Type,java.lang.annotation.Annotation[],java.lang.annotation.Annotation)	getParameterUpperBound(int,java.lang.reflect.ParameterizedType)	retrofit2.Utils	SOURCE
retrofit2.RequestFactory$Builder	parseParameterAnnotation(int,java.lang.reflect.Type,java.lang.annotation.Annotation[],java.lang.annotation.Annotation)	<T>stringConverter(java.lang.reflect.Type,java.lang.annotation.Annotation[])	retrofit2.Retrofit	SOURCE
retrofit2.RequestFactory$Builder	parseParameterAnnotation(int,java.lang.reflect.Type,java.lang.annotation.Annotation[],java.lang.annotation.Annotation)	iterable()	retrofit2.ParameterHandler	SOURCE
retrofit2.RequestFactory$Builder	parseParameterAnnotation(int,java.lang.reflect.Type,java.lang.annotation.Annotation[],java.lang.annotation.Annotation)	Query(java.lang.String,retrofit2.Converter<T,java.lang.String>,boolean)	retrofit2.ParameterHandler$Query	SOURCE
retrofit2.RequestFactory$Builder	parseParameterAnnotation(int,java.lang.reflect.Type,java.lang.annotation.Annotation[],java.lang.annotation.Annotation)	isArray()	java.lang.Class	SOURCE
retrofit2.RequestFactory$Builder	parseParameterAnnotation(int,java.lang.reflect.Type,java.lang.annotation.Annotation[],java.lang.annotation.Annotation)	boxIfPrimitive(java.lang.Class<?>)	retrofit2.RequestFactory$Builder	SOURCE
retrofit2.RequestFactory$Builder	parseParameterAnnotation(int,java.lang.reflect.Type,java.lang.annotation.Annotation[],java.lang.annotation.Annotation)	getComponentType()	java.lang.Class	SOURCE
retrofit2.RequestFactory$Builder	parseParameterAnnotation(int,java.lang.reflect.Type,java.lang.annotation.Annotation[],java.lang.annotation.Annotation)	<T>stringConverter(java.lang.reflect.Type,java.lang.annotation.Annotation[])	retrofit2.Retrofit	SOURCE
retrofit2.RequestFactory$Builder	parseParameterAnnotation(int,java.lang.reflect.Type,java.lang.annotation.Annotation[],java.lang.annotation.Annotation)	array()	retrofit2.ParameterHandler	SOURCE
retrofit2.RequestFactory$Builder	parseParameterAnnotation(int,java.lang.reflect.Type,java.lang.annotation.Annotation[],java.lang.annotation.Annotation)	Query(java.lang.String,retrofit2.Converter<T,java.lang.String>,boolean)	retrofit2.ParameterHandler$Query	SOURCE
retrofit2.RequestFactory$Builder	parseParameterAnnotation(int,java.lang.reflect.Type,java.lang.annotation.Annotation[],java.lang.annotation.Annotation)	<T>stringConverter(java.lang.reflect.Type,java.lang.annotation.Annotation[])	retrofit2.Retrofit	SOURCE
retrofit2.RequestFactory$Builder	parseParameterAnnotation(int,java.lang.reflect.Type,java.lang.annotation.Annotation[],java.lang.annotation.Annotation)	Query(java.lang.String,retrofit2.Converter<T,java.lang.String>,boolean)	retrofit2.ParameterHandler$Query	SOURCE
retrofit2.RequestFactory$Builder	parseParameterAnnotation(int,java.lang.reflect.Type,java.lang.annotation.Annotation[],java.lang.annotation.Annotation)	validateResolvableType(int,java.lang.reflect.Type)	retrofit2.RequestFactory$Builder	SOURCE
retrofit2.RequestFactory$Builder	parseParameterAnnotation(int,java.lang.reflect.Type,java.lang.annotation.Annotation[],java.lang.annotation.Annotation)	encoded()	retrofit2.http.QueryName	SOURCE
retrofit2.RequestFactory$Builder	parseParameterAnnotation(int,java.lang.reflect.Type,java.lang.annotation.Annotation[],java.lang.annotation.Annotation)	getRawType(java.lang.reflect.Type)	retrofit2.Utils	SOURCE
retrofit2.RequestFactory$Builder	parseParameterAnnotation(int,java.lang.reflect.Type,java.lang.annotation.Annotation[],java.lang.annotation.Annotation)	isAssignableFrom(java.lang.Class<?>)	java.lang.Class	SOURCE
retrofit2.RequestFactory$Builder	parseParameterAnnotation(int,java.lang.reflect.Type,java.lang.annotation.Annotation[],java.lang.annotation.Annotation)	parameterError(java.lang.reflect.Method,int,java.lang.String,java.lang.Object...)	retrofit2.Utils	SOURCE
retrofit2.RequestFactory$Builder	parseParameterAnnotation(int,java.lang.reflect.Type,java.lang.annotation.Annotation[],java.lang.annotation.Annotation)	getSimpleName()	java.lang.Class	SOURCE
retrofit2.RequestFactory$Builder	parseParameterAnnotation(int,java.lang.reflect.Type,java.lang.annotation.Annotation[],java.lang.annotation.Annotation)	getSimpleName()	java.lang.Class	SOURCE
retrofit2.RequestFactory$Builder	parseParameterAnnotation(int,java.lang.reflect.Type,java.lang.annotation.Annotation[],java.lang.annotation.Annotation)	getParameterUpperBound(int,java.lang.reflect.ParameterizedType)	retrofit2.Utils	SOURCE
retrofit2.RequestFactory$Builder	parseParameterAnnotation(int,java.lang.reflect.Type,java.lang.annotation.Annotation[],java.lang.annotation.Annotation)	<T>stringConverter(java.lang.reflect.Type,java.lang.annotation.Annotation[])	retrofit2.Retrofit	SOURCE
retrofit2.RequestFactory$Builder	parseParameterAnnotation(int,java.lang.reflect.Type,java.lang.annotation.Annotation[],java.lang.annotation.Annotation)	iterable()	retrofit2.ParameterHandler	SOURCE
retrofit2.RequestFactory$Builder	parseParameterAnnotation(int,java.lang.reflect.Type,java.lang.annotation.Annotation[],java.lang.annotation.Annotation)	QueryName(retrofit2.Converter<T,java.lang.String>,boolean)	retrofit2.ParameterHandler$QueryName	SOURCE
retrofit2.RequestFactory$Builder	parseParameterAnnotation(int,java.lang.reflect.Type,java.lang.annotation.Annotation[],java.lang.annotation.Annotation)	isArray()	java.lang.Class	SOURCE
retrofit2.RequestFactory$Builder	parseParameterAnnotation(int,java.lang.reflect.Type,java.lang.annotation.Annotation[],java.lang.annotation.Annotation)	boxIfPrimitive(java.lang.Class<?>)	retrofit2.RequestFactory$Builder	SOURCE
retrofit2.RequestFactory$Builder	parseParameterAnnotation(int,java.lang.reflect.Type,java.lang.annotation.Annotation[],java.lang.annotation.Annotation)	getComponentType()	java.lang.Class	SOURCE
retrofit2.RequestFactory$Builder	parseParameterAnnotation(int,java.lang.reflect.Type,java.lang.annotation.Annotation[],java.lang.annotation.Annotation)	<T>stringConverter(java.lang.reflect.Type,java.lang.annotation.Annotation[])	retrofit2.Retrofit	SOURCE
retrofit2.RequestFactory$Builder	parseParameterAnnotation(int,java.lang.reflect.Type,java.lang.annotation.Annotation[],java.lang.annotation.Annotation)	array()	retrofit2.ParameterHandler	SOURCE
retrofit2.RequestFactory$Builder	parseParameterAnnotation(int,java.lang.reflect.Type,java.lang.annotation.Annotation[],java.lang.annotation.Annotation)	QueryName(retrofit2.Converter<T,java.lang.String>,boolean)	retrofit2.ParameterHandler$QueryName	SOURCE
retrofit2.RequestFactory$Builder	parseParameterAnnotation(int,java.lang.reflect.Type,java.lang.annotation.Annotation[],java.lang.annotation.Annotation)	<T>stringConverter(java.lang.reflect.Type,java.lang.annotation.Annotation[])	retrofit2.Retrofit	SOURCE
retrofit2.RequestFactory$Builder	parseParameterAnnotation(int,java.lang.reflect.Type,java.lang.annotation.Annotation[],java.lang.annotation.Annotation)	QueryName(retrofit2.Converter<T,java.lang.String>,boolean)	retrofit2.ParameterHandler$QueryName	SOURCE
retrofit2.RequestFactory$Builder	parseParameterAnnotation(int,java.lang.reflect.Type,java.lang.annotation.Annotation[],java.lang.annotation.Annotation)	validateResolvableType(int,java.lang.reflect.Type)	retrofit2.RequestFactory$Builder	SOURCE
retrofit2.RequestFactory$Builder	parseParameterAnnotation(int,java.lang.reflect.Type,java.lang.annotation.Annotation[],java.lang.annotation.Annotation)	getRawType(java.lang.reflect.Type)	retrofit2.Utils	SOURCE
retrofit2.RequestFactory$Builder	parseParameterAnnotation(int,java.lang.reflect.Type,java.lang.annotation.Annotation[],java.lang.annotation.Annotation)	isAssignableFrom(java.lang.Class<?>)	java.lang.Class	SOURCE
retrofit2.RequestFactory$Builder	parseParameterAnnotation(int,java.lang.reflect.Type,java.lang.annotation.Annotation[],java.lang.annotation.Annotation)	parameterError(java.lang.reflect.Method,int,java.lang.String,java.lang.Object...)	retrofit2.Utils	SOURCE
retrofit2.RequestFactory$Builder	parseParameterAnnotation(int,java.lang.reflect.Type,java.lang.annotation.Annotation[],java.lang.annotation.Annotation)	getSupertype(java.lang.reflect.Type,java.lang.Class<?>,java.lang.Class<?>)	retrofit2.Utils	SOURCE
retrofit2.RequestFactory$Builder	parseParameterAnnotation(int,java.lang.reflect.Type,java.lang.annotation.Annotation[],java.lang.annotation.Annotation)	parameterError(java.lang.reflect.Method,int,java.lang.String,java.lang.Object...)	retrofit2.Utils	SOURCE
retrofit2.RequestFactory$Builder	parseParameterAnnotation(int,java.lang.reflect.Type,java.lang.annotation.Annotation[],java.lang.annotation.Annotation)	getParameterUpperBound(int,java.lang.reflect.ParameterizedType)	retrofit2.Utils	SOURCE
retrofit2.RequestFactory$Builder	parseParameterAnnotation(int,java.lang.reflect.Type,java.lang.annotation.Annotation[],java.lang.annotation.Annotation)	parameterError(java.lang.reflect.Method,int,java.lang.String,java.lang.Object...)	retrofit2.Utils	SOURCE
retrofit2.RequestFactory$Builder	parseParameterAnnotation(int,java.lang.reflect.Type,java.lang.annotation.Annotation[],java.lang.annotation.Annotation)	getParameterUpperBound(int,java.lang.reflect.ParameterizedType)	retrofit2.Utils	SOURCE
retrofit2.RequestFactory$Builder	parseParameterAnnotation(int,java.lang.reflect.Type,java.lang.annotation.Annotation[],java.lang.annotation.Annotation)	<T>stringConverter(java.lang.reflect.Type,java.lang.annotation.Annotation[])	retrofit2.Retrofit	SOURCE
retrofit2.RequestFactory$Builder	parseParameterAnnotation(int,java.lang.reflect.Type,java.lang.annotation.Annotation[],java.lang.annotation.Annotation)	QueryMap(java.lang.reflect.Method,int,retrofit2.Converter<T,java.lang.String>,boolean)	retrofit2.ParameterHandler$QueryMap	SOURCE
retrofit2.RequestFactory$Builder	parseParameterAnnotation(int,java.lang.reflect.Type,java.lang.annotation.Annotation[],java.lang.annotation.Annotation)	encoded()	retrofit2.http.QueryMap	SOURCE
retrofit2.RequestFactory$Builder	parseParameterAnnotation(int,java.lang.reflect.Type,java.lang.annotation.Annotation[],java.lang.annotation.Annotation)	validateResolvableType(int,java.lang.reflect.Type)	retrofit2.RequestFactory$Builder	SOURCE
retrofit2.RequestFactory$Builder	parseParameterAnnotation(int,java.lang.reflect.Type,java.lang.annotation.Annotation[],java.lang.annotation.Annotation)	value()	retrofit2.http.Header	SOURCE
retrofit2.RequestFactory$Builder	parseParameterAnnotation(int,java.lang.reflect.Type,java.lang.annotation.Annotation[],java.lang.annotation.Annotation)	getRawType(java.lang.reflect.Type)	retrofit2.Utils	SOURCE
retrofit2.RequestFactory$Builder	parseParameterAnnotation(int,java.lang.reflect.Type,java.lang.annotation.Annotation[],java.lang.annotation.Annotation)	isAssignableFrom(java.lang.Class<?>)	java.lang.Class	SOURCE
retrofit2.RequestFactory$Builder	parseParameterAnnotation(int,java.lang.reflect.Type,java.lang.annotation.Annotation[],java.lang.annotation.Annotation)	parameterError(java.lang.reflect.Method,int,java.lang.String,java.lang.Object...)	retrofit2.Utils	SOURCE
retrofit2.RequestFactory$Builder	parseParameterAnnotation(int,java.lang.reflect.Type,java.lang.annotation.Annotation[],java.lang.annotation.Annotation)	getSimpleName()	java.lang.Class	SOURCE
retrofit2.RequestFactory$Builder	parseParameterAnnotation(int,java.lang.reflect.Type,java.lang.annotation.Annotation[],java.lang.annotation.Annotation)	getSimpleName()	java.lang.Class	SOURCE
retrofit2.RequestFactory$Builder	parseParameterAnnotation(int,java.lang.reflect.Type,java.lang.annotation.Annotation[],java.lang.annotation.Annotation)	getParameterUpperBound(int,java.lang.reflect.ParameterizedType)	retrofit2.Utils	SOURCE
retrofit2.RequestFactory$Builder	parseParameterAnnotation(int,java.lang.reflect.Type,java.lang.annotation.Annotation[],java.lang.annotation.Annotation)	<T>stringConverter(java.lang.reflect.Type,java.lang.annotation.Annotation[])	retrofit2.Retrofit	SOURCE
retrofit2.RequestFactory$Builder	parseParameterAnnotation(int,java.lang.reflect.Type,java.lang.annotation.Annotation[],java.lang.annotation.Annotation)	iterable()	retrofit2.ParameterHandler	SOURCE
retrofit2.RequestFactory$Builder	parseParameterAnnotation(int,java.lang.reflect.Type,java.lang.annotation.Annotation[],java.lang.annotation.Annotation)	Header(java.lang.String,retrofit2.Converter<T,java.lang.String>)	retrofit2.ParameterHandler$Header	SOURCE
retrofit2.RequestFactory$Builder	parseParameterAnnotation(int,java.lang.reflect.Type,java.lang.annotation.Annotation[],java.lang.annotation.Annotation)	isArray()	java.lang.Class	SOURCE
retrofit2.RequestFactory$Builder	parseParameterAnnotation(int,java.lang.reflect.Type,java.lang.annotation.Annotation[],java.lang.annotation.Annotation)	boxIfPrimitive(java.lang.Class<?>)	retrofit2.RequestFactory$Builder	SOURCE
retrofit2.RequestFactory$Builder	parseParameterAnnotation(int,java.lang.reflect.Type,java.lang.annotation.Annotation[],java.lang.annotation.Annotation)	getComponentType()	java.lang.Class	SOURCE
retrofit2.RequestFactory$Builder	parseParameterAnnotation(int,java.lang.reflect.Type,java.lang.annotation.Annotation[],java.lang.annotation.Annotation)	<T>stringConverter(java.lang.reflect.Type,java.lang.annotation.Annotation[])	retrofit2.Retrofit	SOURCE
retrofit2.RequestFactory$Builder	parseParameterAnnotation(int,java.lang.reflect.Type,java.lang.annotation.Annotation[],java.lang.annotation.Annotation)	array()	retrofit2.ParameterHandler	SOURCE
retrofit2.RequestFactory$Builder	parseParameterAnnotation(int,java.lang.reflect.Type,java.lang.annotation.Annotation[],java.lang.annotation.Annotation)	Header(java.lang.String,retrofit2.Converter<T,java.lang.String>)	retrofit2.ParameterHandler$Header	SOURCE
retrofit2.RequestFactory$Builder	parseParameterAnnotation(int,java.lang.reflect.Type,java.lang.annotation.Annotation[],java.lang.annotation.Annotation)	<T>stringConverter(java.lang.reflect.Type,java.lang.annotation.Annotation[])	retrofit2.Retrofit	SOURCE
retrofit2.RequestFactory$Builder	parseParameterAnnotation(int,java.lang.reflect.Type,java.lang.annotation.Annotation[],java.lang.annotation.Annotation)	Header(java.lang.String,retrofit2.Converter<T,java.lang.String>)	retrofit2.ParameterHandler$Header	SOURCE
retrofit2.RequestFactory$Builder	parseParameterAnnotation(int,java.lang.reflect.Type,java.lang.annotation.Annotation[],java.lang.annotation.Annotation)	Headers(java.lang.reflect.Method,int)	retrofit2.ParameterHandler$Headers	SOURCE
retrofit2.RequestFactory$Builder	parseParameterAnnotation(int,java.lang.reflect.Type,java.lang.annotation.Annotation[],java.lang.annotation.Annotation)	validateResolvableType(int,java.lang.reflect.Type)	retrofit2.RequestFactory$Builder	SOURCE
retrofit2.RequestFactory$Builder	parseParameterAnnotation(int,java.lang.reflect.Type,java.lang.annotation.Annotation[],java.lang.annotation.Annotation)	getRawType(java.lang.reflect.Type)	retrofit2.Utils	SOURCE
retrofit2.RequestFactory$Builder	parseParameterAnnotation(int,java.lang.reflect.Type,java.lang.annotation.Annotation[],java.lang.annotation.Annotation)	isAssignableFrom(java.lang.Class<?>)	java.lang.Class	SOURCE
retrofit2.RequestFactory$Builder	parseParameterAnnotation(int,java.lang.reflect.Type,java.lang.annotation.Annotation[],java.lang.annotation.Annotation)	parameterError(java.lang.reflect.Method,int,java.lang.String,java.lang.Object...)	retrofit2.Utils	SOURCE
retrofit2.RequestFactory$Builder	parseParameterAnnotation(int,java.lang.reflect.Type,java.lang.annotation.Annotation[],java.lang.annotation.Annotation)	getSupertype(java.lang.reflect.Type,java.lang.Class<?>,java.lang.Class<?>)	retrofit2.Utils	SOURCE
retrofit2.RequestFactory$Builder	parseParameterAnnotation(int,java.lang.reflect.Type,java.lang.annotation.Annotation[],java.lang.annotation.Annotation)	parameterError(java.lang.reflect.Method,int,java.lang.String,java.lang.Object...)	retrofit2.Utils	SOURCE
retrofit2.RequestFactory$Builder	parseParameterAnnotation(int,java.lang.reflect.Type,java.lang.annotation.Annotation[],java.lang.annotation.Annotation)	getParameterUpperBound(int,java.lang.reflect.ParameterizedType)	retrofit2.Utils	SOURCE
retrofit2.RequestFactory$Builder	parseParameterAnnotation(int,java.lang.reflect.Type,java.lang.annotation.Annotation[],java.lang.annotation.Annotation)	parameterError(java.lang.reflect.Method,int,java.lang.String,java.lang.Object...)	retrofit2.Utils	SOURCE
retrofit2.RequestFactory$Builder	parseParameterAnnotation(int,java.lang.reflect.Type,java.lang.annotation.Annotation[],java.lang.annotation.Annotation)	getParameterUpperBound(int,java.lang.reflect.ParameterizedType)	retrofit2.Utils	SOURCE
retrofit2.RequestFactory$Builder	parseParameterAnnotation(int,java.lang.reflect.Type,java.lang.annotation.Annotation[],java.lang.annotation.Annotation)	<T>stringConverter(java.lang.reflect.Type,java.lang.annotation.Annotation[])	retrofit2.Retrofit	SOURCE
retrofit2.RequestFactory$Builder	parseParameterAnnotation(int,java.lang.reflect.Type,java.lang.annotation.Annotation[],java.lang.annotation.Annotation)	HeaderMap(java.lang.reflect.Method,int,retrofit2.Converter<T,java.lang.String>)	retrofit2.ParameterHandler$HeaderMap	SOURCE
retrofit2.RequestFactory$Builder	parseParameterAnnotation(int,java.lang.reflect.Type,java.lang.annotation.Annotation[],java.lang.annotation.Annotation)	validateResolvableType(int,java.lang.reflect.Type)	retrofit2.RequestFactory$Builder	SOURCE
retrofit2.RequestFactory$Builder	parseParameterAnnotation(int,java.lang.reflect.Type,java.lang.annotation.Annotation[],java.lang.annotation.Annotation)	parameterError(java.lang.reflect.Method,int,java.lang.String,java.lang.Object...)	retrofit2.Utils	SOURCE
retrofit2.RequestFactory$Builder	parseParameterAnnotation(int,java.lang.reflect.Type,java.lang.annotation.Annotation[],java.lang.annotation.Annotation)	value()	retrofit2.http.Field	SOURCE
retrofit2.RequestFactory$Builder	parseParameterAnnotation(int,java.lang.reflect.Type,java.lang.annotation.Annotation[],java.lang.annotation.Annotation)	encoded()	retrofit2.http.Field	SOURCE
retrofit2.RequestFactory$Builder	parseParameterAnnotation(int,java.lang.reflect.Type,java.lang.annotation.Annotation[],java.lang.annotation.Annotation)	getRawType(java.lang.reflect.Type)	retrofit2.Utils	SOURCE
retrofit2.RequestFactory$Builder	parseParameterAnnotation(int,java.lang.reflect.Type,java.lang.annotation.Annotation[],java.lang.annotation.Annotation)	isAssignableFrom(java.lang.Class<?>)	java.lang.Class	SOURCE
retrofit2.RequestFactory$Builder	parseParameterAnnotation(int,java.lang.reflect.Type,java.lang.annotation.Annotation[],java.lang.annotation.Annotation)	parameterError(java.lang.reflect.Method,int,java.lang.String,java.lang.Object...)	retrofit2.Utils	SOURCE
retrofit2.RequestFactory$Builder	parseParameterAnnotation(int,java.lang.reflect.Type,java.lang.annotation.Annotation[],java.lang.annotation.Annotation)	getSimpleName()	java.lang.Class	SOURCE
retrofit2.RequestFactory$Builder	parseParameterAnnotation(int,java.lang.reflect.Type,java.lang.annotation.Annotation[],java.lang.annotation.Annotation)	getSimpleName()	java.lang.Class	SOURCE
retrofit2.RequestFactory$Builder	parseParameterAnnotation(int,java.lang.reflect.Type,java.lang.annotation.Annotation[],java.lang.annotation.Annotation)	getParameterUpperBound(int,java.lang.reflect.ParameterizedType)	retrofit2.Utils	SOURCE
retrofit2.RequestFactory$Builder	parseParameterAnnotation(int,java.lang.reflect.Type,java.lang.annotation.Annotation[],java.lang.annotation.Annotation)	<T>stringConverter(java.lang.reflect.Type,java.lang.annotation.Annotation[])	retrofit2.Retrofit	SOURCE
retrofit2.RequestFactory$Builder	parseParameterAnnotation(int,java.lang.reflect.Type,java.lang.annotation.Annotation[],java.lang.annotation.Annotation)	iterable()	retrofit2.ParameterHandler	SOURCE
retrofit2.RequestFactory$Builder	parseParameterAnnotation(int,java.lang.reflect.Type,java.lang.annotation.Annotation[],java.lang.annotation.Annotation)	Field(java.lang.String,retrofit2.Converter<T,java.lang.String>,boolean)	retrofit2.ParameterHandler$Field	SOURCE
retrofit2.RequestFactory$Builder	parseParameterAnnotation(int,java.lang.reflect.Type,java.lang.annotation.Annotation[],java.lang.annotation.Annotation)	isArray()	java.lang.Class	SOURCE
retrofit2.RequestFactory$Builder	parseParameterAnnotation(int,java.lang.reflect.Type,java.lang.annotation.Annotation[],java.lang.annotation.Annotation)	boxIfPrimitive(java.lang.Class<?>)	retrofit2.RequestFactory$Builder	SOURCE
retrofit2.RequestFactory$Builder	parseParameterAnnotation(int,java.lang.reflect.Type,java.lang.annotation.Annotation[],java.lang.annotation.Annotation)	getComponentType()	java.lang.Class	SOURCE
retrofit2.RequestFactory$Builder	parseParameterAnnotation(int,java.lang.reflect.Type,java.lang.annotation.Annotation[],java.lang.annotation.Annotation)	<T>stringConverter(java.lang.reflect.Type,java.lang.annotation.Annotation[])	retrofit2.Retrofit	SOURCE
retrofit2.RequestFactory$Builder	parseParameterAnnotation(int,java.lang.reflect.Type,java.lang.annotation.Annotation[],java.lang.annotation.Annotation)	array()	retrofit2.ParameterHandler	SOURCE
retrofit2.RequestFactory$Builder	parseParameterAnnotation(int,java.lang.reflect.Type,java.lang.annotation.Annotation[],java.lang.annotation.Annotation)	Field(java.lang.String,retrofit2.Converter<T,java.lang.String>,boolean)	retrofit2.ParameterHandler$Field	SOURCE
retrofit2.RequestFactory$Builder	parseParameterAnnotation(int,java.lang.reflect.Type,java.lang.annotation.Annotation[],java.lang.annotation.Annotation)	<T>stringConverter(java.lang.reflect.Type,java.lang.annotation.Annotation[])	retrofit2.Retrofit	SOURCE
retrofit2.RequestFactory$Builder	parseParameterAnnotation(int,java.lang.reflect.Type,java.lang.annotation.Annotation[],java.lang.annotation.Annotation)	Field(java.lang.String,retrofit2.Converter<T,java.lang.String>,boolean)	retrofit2.ParameterHandler$Field	SOURCE
retrofit2.RequestFactory$Builder	parseParameterAnnotation(int,java.lang.reflect.Type,java.lang.annotation.Annotation[],java.lang.annotation.Annotation)	validateResolvableType(int,java.lang.reflect.Type)	retrofit2.RequestFactory$Builder	SOURCE
retrofit2.RequestFactory$Builder	parseParameterAnnotation(int,java.lang.reflect.Type,java.lang.annotation.Annotation[],java.lang.annotation.Annotation)	parameterError(java.lang.reflect.Method,int,java.lang.String,java.lang.Object...)	retrofit2.Utils	SOURCE
retrofit2.RequestFactory$Builder	parseParameterAnnotation(int,java.lang.reflect.Type,java.lang.annotation.Annotation[],java.lang.annotation.Annotation)	getRawType(java.lang.reflect.Type)	retrofit2.Utils	SOURCE
retrofit2.RequestFactory$Builder	parseParameterAnnotation(int,java.lang.reflect.Type,java.lang.annotation.Annotation[],java.lang.annotation.Annotation)	isAssignableFrom(java.lang.Class<?>)	java.lang.Class	SOURCE
retrofit2.RequestFactory$Builder	parseParameterAnnotation(int,java.lang.reflect.Type,java.lang.annotation.Annotation[],java.lang.annotation.Annotation)	parameterError(java.lang.reflect.Method,int,java.lang.String,java.lang.Object...)	retrofit2.Utils	SOURCE
retrofit2.RequestFactory$Builder	parseParameterAnnotation(int,java.lang.reflect.Type,java.lang.annotation.Annotation[],java.lang.annotation.Annotation)	getSupertype(java.lang.reflect.Type,java.lang.Class<?>,java.lang.Class<?>)	retrofit2.Utils	SOURCE
retrofit2.RequestFactory$Builder	parseParameterAnnotation(int,java.lang.reflect.Type,java.lang.annotation.Annotation[],java.lang.annotation.Annotation)	parameterError(java.lang.reflect.Method,int,java.lang.String,java.lang.Object...)	retrofit2.Utils	SOURCE
retrofit2.RequestFactory$Builder	parseParameterAnnotation(int,java.lang.reflect.Type,java.lang.annotation.Annotation[],java.lang.annotation.Annotation)	getParameterUpperBound(int,java.lang.reflect.ParameterizedType)	retrofit2.Utils	SOURCE
retrofit2.RequestFactory$Builder	parseParameterAnnotation(int,java.lang.reflect.Type,java.lang.annotation.Annotation[],java.lang.annotation.Annotation)	parameterError(java.lang.reflect.Method,int,java.lang.String,java.lang.Object...)	retrofit2.Utils	SOURCE
retrofit2.RequestFactory$Builder	parseParameterAnnotation(int,java.lang.reflect.Type,java.lang.annotation.Annotation[],java.lang.annotation.Annotation)	getParameterUpperBound(int,java.lang.reflect.ParameterizedType)	retrofit2.Utils	SOURCE
retrofit2.RequestFactory$Builder	parseParameterAnnotation(int,java.lang.reflect.Type,java.lang.annotation.Annotation[],java.lang.annotation.Annotation)	<T>stringConverter(java.lang.reflect.Type,java.lang.annotation.Annotation[])	retrofit2.Retrofit	SOURCE
retrofit2.RequestFactory$Builder	parseParameterAnnotation(int,java.lang.reflect.Type,java.lang.annotation.Annotation[],java.lang.annotation.Annotation)	FieldMap(java.lang.reflect.Method,int,retrofit2.Converter<T,java.lang.String>,boolean)	retrofit2.ParameterHandler$FieldMap	SOURCE
retrofit2.RequestFactory$Builder	parseParameterAnnotation(int,java.lang.reflect.Type,java.lang.annotation.Annotation[],java.lang.annotation.Annotation)	encoded()	retrofit2.http.FieldMap	SOURCE
retrofit2.RequestFactory$Builder	parseParameterAnnotation(int,java.lang.reflect.Type,java.lang.annotation.Annotation[],java.lang.annotation.Annotation)	validateResolvableType(int,java.lang.reflect.Type)	retrofit2.RequestFactory$Builder	SOURCE
retrofit2.RequestFactory$Builder	parseParameterAnnotation(int,java.lang.reflect.Type,java.lang.annotation.Annotation[],java.lang.annotation.Annotation)	parameterError(java.lang.reflect.Method,int,java.lang.String,java.lang.Object...)	retrofit2.Utils	SOURCE
retrofit2.RequestFactory$Builder	parseParameterAnnotation(int,java.lang.reflect.Type,java.lang.annotation.Annotation[],java.lang.annotation.Annotation)	value()	retrofit2.http.Part	SOURCE
retrofit2.RequestFactory$Builder	parseParameterAnnotation(int,java.lang.reflect.Type,java.lang.annotation.Annotation[],java.lang.annotation.Annotation)	getRawType(java.lang.reflect.Type)	retrofit2.Utils	SOURCE
retrofit2.RequestFactory$Builder	parseParameterAnnotation(int,java.lang.reflect.Type,java.lang.annotation.Annotation[],java.lang.annotation.Annotation)	isEmpty()	java.lang.String	SOURCE
retrofit2.RequestFactory$Builder	parseParameterAnnotation(int,java.lang.reflect.Type,java.lang.annotation.Annotation[],java.lang.annotation.Annotation)	isAssignableFrom(java.lang.Class<?>)	java.lang.Class	SOURCE
retrofit2.RequestFactory$Builder	parseParameterAnnotation(int,java.lang.reflect.Type,java.lang.annotation.Annotation[],java.lang.annotation.Annotation)	parameterError(java.lang.reflect.Method,int,java.lang.String,java.lang.Object...)	retrofit2.Utils	SOURCE
retrofit2.RequestFactory$Builder	parseParameterAnnotation(int,java.lang.reflect.Type,java.lang.annotation.Annotation[],java.lang.annotation.Annotation)	getSimpleName()	java.lang.Class	SOURCE
retrofit2.RequestFactory$Builder	parseParameterAnnotation(int,java.lang.reflect.Type,java.lang.annotation.Annotation[],java.lang.annotation.Annotation)	getSimpleName()	java.lang.Class	SOURCE
retrofit2.RequestFactory$Builder	parseParameterAnnotation(int,java.lang.reflect.Type,java.lang.annotation.Annotation[],java.lang.annotation.Annotation)	getParameterUpperBound(int,java.lang.reflect.ParameterizedType)	retrofit2.Utils	SOURCE
retrofit2.RequestFactory$Builder	parseParameterAnnotation(int,java.lang.reflect.Type,java.lang.annotation.Annotation[],java.lang.annotation.Annotation)	isAssignableFrom(java.lang.Class<?>)	java.lang.Class	SOURCE
retrofit2.RequestFactory$Builder	parseParameterAnnotation(int,java.lang.reflect.Type,java.lang.annotation.Annotation[],java.lang.annotation.Annotation)	getRawType(java.lang.reflect.Type)	retrofit2.Utils	SOURCE
retrofit2.RequestFactory$Builder	parseParameterAnnotation(int,java.lang.reflect.Type,java.lang.annotation.Annotation[],java.lang.annotation.Annotation)	parameterError(java.lang.reflect.Method,int,java.lang.String,java.lang.Object...)	retrofit2.Utils	SOURCE
retrofit2.RequestFactory$Builder	parseParameterAnnotation(int,java.lang.reflect.Type,java.lang.annotation.Annotation[],java.lang.annotation.Annotation)	iterable()	retrofit2.ParameterHandler	SOURCE
retrofit2.RequestFactory$Builder	parseParameterAnnotation(int,java.lang.reflect.Type,java.lang.annotation.Annotation[],java.lang.annotation.Annotation)	isArray()	java.lang.Class	SOURCE
retrofit2.RequestFactory$Builder	parseParameterAnnotation(int,java.lang.reflect.Type,java.lang.annotation.Annotation[],java.lang.annotation.Annotation)	getComponentType()	java.lang.Class	SOURCE
retrofit2.RequestFactory$Builder	parseParameterAnnotation(int,java.lang.reflect.Type,java.lang.annotation.Annotation[],java.lang.annotation.Annotation)	isAssignableFrom(java.lang.Class<?>)	java.lang.Class	SOURCE
retrofit2.RequestFactory$Builder	parseParameterAnnotation(int,java.lang.reflect.Type,java.lang.annotation.Annotation[],java.lang.annotation.Annotation)	parameterError(java.lang.reflect.Method,int,java.lang.String,java.lang.Object...)	retrofit2.Utils	SOURCE
retrofit2.RequestFactory$Builder	parseParameterAnnotation(int,java.lang.reflect.Type,java.lang.annotation.Annotation[],java.lang.annotation.Annotation)	array()	retrofit2.ParameterHandler	SOURCE
retrofit2.RequestFactory$Builder	parseParameterAnnotation(int,java.lang.reflect.Type,java.lang.annotation.Annotation[],java.lang.annotation.Annotation)	isAssignableFrom(java.lang.Class<?>)	java.lang.Class	SOURCE
retrofit2.RequestFactory$Builder	parseParameterAnnotation(int,java.lang.reflect.Type,java.lang.annotation.Annotation[],java.lang.annotation.Annotation)	parameterError(java.lang.reflect.Method,int,java.lang.String,java.lang.Object...)	retrofit2.Utils	SOURCE
retrofit2.RequestFactory$Builder	parseParameterAnnotation(int,java.lang.reflect.Type,java.lang.annotation.Annotation[],java.lang.annotation.Annotation)	of(java.lang.String...)	okhttp3.Headers	SOURCE
retrofit2.RequestFactory$Builder	parseParameterAnnotation(int,java.lang.reflect.Type,java.lang.annotation.Annotation[],java.lang.annotation.Annotation)	encoding()	retrofit2.http.Part	SOURCE
retrofit2.RequestFactory$Builder	parseParameterAnnotation(int,java.lang.reflect.Type,java.lang.annotation.Annotation[],java.lang.annotation.Annotation)	isAssignableFrom(java.lang.Class<?>)	java.lang.Class	SOURCE
retrofit2.RequestFactory$Builder	parseParameterAnnotation(int,java.lang.reflect.Type,java.lang.annotation.Annotation[],java.lang.annotation.Annotation)	parameterError(java.lang.reflect.Method,int,java.lang.String,java.lang.Object...)	retrofit2.Utils	SOURCE
retrofit2.RequestFactory$Builder	parseParameterAnnotation(int,java.lang.reflect.Type,java.lang.annotation.Annotation[],java.lang.annotation.Annotation)	getSimpleName()	java.lang.Class	SOURCE
retrofit2.RequestFactory$Builder	parseParameterAnnotation(int,java.lang.reflect.Type,java.lang.annotation.Annotation[],java.lang.annotation.Annotation)	getSimpleName()	java.lang.Class	SOURCE
retrofit2.RequestFactory$Builder	parseParameterAnnotation(int,java.lang.reflect.Type,java.lang.annotation.Annotation[],java.lang.annotation.Annotation)	getParameterUpperBound(int,java.lang.reflect.ParameterizedType)	retrofit2.Utils	SOURCE
retrofit2.RequestFactory$Builder	parseParameterAnnotation(int,java.lang.reflect.Type,java.lang.annotation.Annotation[],java.lang.annotation.Annotation)	isAssignableFrom(java.lang.Class<?>)	java.lang.Class	SOURCE
retrofit2.RequestFactory$Builder	parseParameterAnnotation(int,java.lang.reflect.Type,java.lang.annotation.Annotation[],java.lang.annotation.Annotation)	getRawType(java.lang.reflect.Type)	retrofit2.Utils	SOURCE
retrofit2.RequestFactory$Builder	parseParameterAnnotation(int,java.lang.reflect.Type,java.lang.annotation.Annotation[],java.lang.annotation.Annotation)	parameterError(java.lang.reflect.Method,int,java.lang.String,java.lang.Object...)	retrofit2.Utils	SOURCE
retrofit2.RequestFactory$Builder	parseParameterAnnotation(int,java.lang.reflect.Type,java.lang.annotation.Annotation[],java.lang.annotation.Annotation)	<T>requestBodyConverter(java.lang.reflect.Type,java.lang.annotation.Annotation[],java.lang.annotation.Annotation[])	retrofit2.Retrofit	SOURCE
retrofit2.RequestFactory$Builder	parseParameterAnnotation(int,java.lang.reflect.Type,java.lang.annotation.Annotation[],java.lang.annotation.Annotation)	iterable()	retrofit2.ParameterHandler	SOURCE
retrofit2.RequestFactory$Builder	parseParameterAnnotation(int,java.lang.reflect.Type,java.lang.annotation.Annotation[],java.lang.annotation.Annotation)	Part(java.lang.reflect.Method,int,okhttp3.Headers,retrofit2.Converter<T,okhttp3.RequestBody>)	retrofit2.ParameterHandler$Part	SOURCE
retrofit2.RequestFactory$Builder	parseParameterAnnotation(int,java.lang.reflect.Type,java.lang.annotation.Annotation[],java.lang.annotation.Annotation)	isArray()	java.lang.Class	SOURCE
retrofit2.RequestFactory$Builder	parseParameterAnnotation(int,java.lang.reflect.Type,java.lang.annotation.Annotation[],java.lang.annotation.Annotation)	boxIfPrimitive(java.lang.Class<?>)	retrofit2.RequestFactory$Builder	SOURCE
retrofit2.RequestFactory$Builder	parseParameterAnnotation(int,java.lang.reflect.Type,java.lang.annotation.Annotation[],java.lang.annotation.Annotation)	getComponentType()	java.lang.Class	SOURCE
retrofit2.RequestFactory$Builder	parseParameterAnnotation(int,java.lang.reflect.Type,java.lang.annotation.Annotation[],java.lang.annotation.Annotation)	isAssignableFrom(java.lang.Class<?>)	java.lang.Class	SOURCE
retrofit2.RequestFactory$Builder	parseParameterAnnotation(int,java.lang.reflect.Type,java.lang.annotation.Annotation[],java.lang.annotation.Annotation)	parameterError(java.lang.reflect.Method,int,java.lang.String,java.lang.Object...)	retrofit2.Utils	SOURCE
retrofit2.RequestFactory$Builder	parseParameterAnnotation(int,java.lang.reflect.Type,java.lang.annotation.Annotation[],java.lang.annotation.Annotation)	<T>requestBodyConverter(java.lang.reflect.Type,java.lang.annotation.Annotation[],java.lang.annotation.Annotation[])	retrofit2.Retrofit	SOURCE
retrofit2.RequestFactory$Builder	parseParameterAnnotation(int,java.lang.reflect.Type,java.lang.annotation.Annotation[],java.lang.annotation.Annotation)	array()	retrofit2.ParameterHandler	SOURCE
retrofit2.RequestFactory$Builder	parseParameterAnnotation(int,java.lang.reflect.Type,java.lang.annotation.Annotation[],java.lang.annotation.Annotation)	Part(java.lang.reflect.Method,int,okhttp3.Headers,retrofit2.Converter<T,okhttp3.RequestBody>)	retrofit2.ParameterHandler$Part	SOURCE
retrofit2.RequestFactory$Builder	parseParameterAnnotation(int,java.lang.reflect.Type,java.lang.annotation.Annotation[],java.lang.annotation.Annotation)	isAssignableFrom(java.lang.Class<?>)	java.lang.Class	SOURCE
retrofit2.RequestFactory$Builder	parseParameterAnnotation(int,java.lang.reflect.Type,java.lang.annotation.Annotation[],java.lang.annotation.Annotation)	parameterError(java.lang.reflect.Method,int,java.lang.String,java.lang.Object...)	retrofit2.Utils	SOURCE
retrofit2.RequestFactory$Builder	parseParameterAnnotation(int,java.lang.reflect.Type,java.lang.annotation.Annotation[],java.lang.annotation.Annotation)	<T>requestBodyConverter(java.lang.reflect.Type,java.lang.annotation.Annotation[],java.lang.annotation.Annotation[])	retrofit2.Retrofit	SOURCE
retrofit2.RequestFactory$Builder	parseParameterAnnotation(int,java.lang.reflect.Type,java.lang.annotation.Annotation[],java.lang.annotation.Annotation)	Part(java.lang.reflect.Method,int,okhttp3.Headers,retrofit2.Converter<T,okhttp3.RequestBody>)	retrofit2.ParameterHandler$Part	SOURCE
retrofit2.RequestFactory$Builder	parseParameterAnnotation(int,java.lang.reflect.Type,java.lang.annotation.Annotation[],java.lang.annotation.Annotation)	validateResolvableType(int,java.lang.reflect.Type)	retrofit2.RequestFactory$Builder	SOURCE
retrofit2.RequestFactory$Builder	parseParameterAnnotation(int,java.lang.reflect.Type,java.lang.annotation.Annotation[],java.lang.annotation.Annotation)	parameterError(java.lang.reflect.Method,int,java.lang.String,java.lang.Object...)	retrofit2.Utils	SOURCE
retrofit2.RequestFactory$Builder	parseParameterAnnotation(int,java.lang.reflect.Type,java.lang.annotation.Annotation[],java.lang.annotation.Annotation)	getRawType(java.lang.reflect.Type)	retrofit2.Utils	SOURCE
retrofit2.RequestFactory$Builder	parseParameterAnnotation(int,java.lang.reflect.Type,java.lang.annotation.Annotation[],java.lang.annotation.Annotation)	isAssignableFrom(java.lang.Class<?>)	java.lang.Class	SOURCE
retrofit2.RequestFactory$Builder	parseParameterAnnotation(int,java.lang.reflect.Type,java.lang.annotation.Annotation[],java.lang.annotation.Annotation)	parameterError(java.lang.reflect.Method,int,java.lang.String,java.lang.Object...)	retrofit2.Utils	SOURCE
retrofit2.RequestFactory$Builder	parseParameterAnnotation(int,java.lang.reflect.Type,java.lang.annotation.Annotation[],java.lang.annotation.Annotation)	getSupertype(java.lang.reflect.Type,java.lang.Class<?>,java.lang.Class<?>)	retrofit2.Utils	SOURCE
retrofit2.RequestFactory$Builder	parseParameterAnnotation(int,java.lang.reflect.Type,java.lang.annotation.Annotation[],java.lang.annotation.Annotation)	parameterError(java.lang.reflect.Method,int,java.lang.String,java.lang.Object...)	retrofit2.Utils	SOURCE
retrofit2.RequestFactory$Builder	parseParameterAnnotation(int,java.lang.reflect.Type,java.lang.annotation.Annotation[],java.lang.annotation.Annotation)	getParameterUpperBound(int,java.lang.reflect.ParameterizedType)	retrofit2.Utils	SOURCE
retrofit2.RequestFactory$Builder	parseParameterAnnotation(int,java.lang.reflect.Type,java.lang.annotation.Annotation[],java.lang.annotation.Annotation)	parameterError(java.lang.reflect.Method,int,java.lang.String,java.lang.Object...)	retrofit2.Utils	SOURCE
retrofit2.RequestFactory$Builder	parseParameterAnnotation(int,java.lang.reflect.Type,java.lang.annotation.Annotation[],java.lang.annotation.Annotation)	getParameterUpperBound(int,java.lang.reflect.ParameterizedType)	retrofit2.Utils	SOURCE
retrofit2.RequestFactory$Builder	parseParameterAnnotation(int,java.lang.reflect.Type,java.lang.annotation.Annotation[],java.lang.annotation.Annotation)	isAssignableFrom(java.lang.Class<?>)	java.lang.Class	SOURCE
retrofit2.RequestFactory$Builder	parseParameterAnnotation(int,java.lang.reflect.Type,java.lang.annotation.Annotation[],java.lang.annotation.Annotation)	getRawType(java.lang.reflect.Type)	retrofit2.Utils	SOURCE
retrofit2.RequestFactory$Builder	parseParameterAnnotation(int,java.lang.reflect.Type,java.lang.annotation.Annotation[],java.lang.annotation.Annotation)	parameterError(java.lang.reflect.Method,int,java.lang.String,java.lang.Object...)	retrofit2.Utils	SOURCE
retrofit2.RequestFactory$Builder	parseParameterAnnotation(int,java.lang.reflect.Type,java.lang.annotation.Annotation[],java.lang.annotation.Annotation)	<T>requestBodyConverter(java.lang.reflect.Type,java.lang.annotation.Annotation[],java.lang.annotation.Annotation[])	retrofit2.Retrofit	SOURCE
retrofit2.RequestFactory$Builder	parseParameterAnnotation(int,java.lang.reflect.Type,java.lang.annotation.Annotation[],java.lang.annotation.Annotation)	PartMap(java.lang.reflect.Method,int,retrofit2.Converter<T,okhttp3.RequestBody>,java.lang.String)	retrofit2.ParameterHandler$PartMap	SOURCE
retrofit2.RequestFactory$Builder	parseParameterAnnotation(int,java.lang.reflect.Type,java.lang.annotation.Annotation[],java.lang.annotation.Annotation)	encoding()	retrofit2.http.PartMap	SOURCE
retrofit2.RequestFactory$Builder	parseParameterAnnotation(int,java.lang.reflect.Type,java.lang.annotation.Annotation[],java.lang.annotation.Annotation)	validateResolvableType(int,java.lang.reflect.Type)	retrofit2.RequestFactory$Builder	SOURCE
retrofit2.RequestFactory$Builder	parseParameterAnnotation(int,java.lang.reflect.Type,java.lang.annotation.Annotation[],java.lang.annotation.Annotation)	parameterError(java.lang.reflect.Method,int,java.lang.String,java.lang.Object...)	retrofit2.Utils	SOURCE
retrofit2.RequestFactory$Builder	parseParameterAnnotation(int,java.lang.reflect.Type,java.lang.annotation.Annotation[],java.lang.annotation.Annotation)	parameterError(java.lang.reflect.Method,int,java.lang.String,java.lang.Object...)	retrofit2.Utils	SOURCE
retrofit2.RequestFactory$Builder	parseParameterAnnotation(int,java.lang.reflect.Type,java.lang.annotation.Annotation[],java.lang.annotation.Annotation)	<T>requestBodyConverter(java.lang.reflect.Type,java.lang.annotation.Annotation[],java.lang.annotation.Annotation[])	retrofit2.Retrofit	SOURCE
retrofit2.RequestFactory$Builder	parseParameterAnnotation(int,java.lang.reflect.Type,java.lang.annotation.Annotation[],java.lang.annotation.Annotation)	parameterError(java.lang.reflect.Method,java.lang.Throwable,int,java.lang.String,java.lang.Object...)	retrofit2.Utils	SOURCE
retrofit2.RequestFactory$Builder	parseParameterAnnotation(int,java.lang.reflect.Type,java.lang.annotation.Annotation[],java.lang.annotation.Annotation)	Body(java.lang.reflect.Method,int,retrofit2.Converter<T,okhttp3.RequestBody>)	retrofit2.ParameterHandler$Body	SOURCE
retrofit2.RequestFactory$Builder	parseParameterAnnotation(int,java.lang.reflect.Type,java.lang.annotation.Annotation[],java.lang.annotation.Annotation)	validateResolvableType(int,java.lang.reflect.Type)	retrofit2.RequestFactory$Builder	SOURCE
retrofit2.RequestFactory$Builder	parseParameterAnnotation(int,java.lang.reflect.Type,java.lang.annotation.Annotation[],java.lang.annotation.Annotation)	getRawType(java.lang.reflect.Type)	retrofit2.Utils	SOURCE
retrofit2.RequestFactory$Builder	parseParameterAnnotation(int,java.lang.reflect.Type,java.lang.annotation.Annotation[],java.lang.annotation.Annotation)	equals(java.lang.Object)	java.lang.Object	SOURCE
retrofit2.RequestFactory$Builder	parseParameterAnnotation(int,java.lang.reflect.Type,java.lang.annotation.Annotation[],java.lang.annotation.Annotation)	parameterError(java.lang.reflect.Method,int,java.lang.String,java.lang.Object...)	retrofit2.Utils	SOURCE
retrofit2.RequestFactory$Builder	parseParameterAnnotation(int,java.lang.reflect.Type,java.lang.annotation.Annotation[],java.lang.annotation.Annotation)	getName()	java.lang.Class	SOURCE
retrofit2.RequestFactory$Builder	parseParameterAnnotation(int,java.lang.reflect.Type,java.lang.annotation.Annotation[],java.lang.annotation.Annotation)	Tag(java.lang.Class<T>)	retrofit2.ParameterHandler$Tag	SOURCE
retrofit2.RequestFactory$Builder	validateResolvableType(int,java.lang.reflect.Type)	hasUnresolvableType(java.lang.reflect.Type)	retrofit2.Utils	SOURCE
retrofit2.RequestFactory$Builder	validateResolvableType(int,java.lang.reflect.Type)	parameterError(java.lang.reflect.Method,int,java.lang.String,java.lang.Object...)	retrofit2.Utils	SOURCE
retrofit2.RequestFactory$Builder	validatePathName(int,java.lang.String)	matches()	java.util.regex.Matcher	SOURCE
retrofit2.RequestFactory$Builder	validatePathName(int,java.lang.String)	matcher(java.lang.CharSequence)	java.util.regex.Pattern	SOURCE
retrofit2.RequestFactory$Builder	validatePathName(int,java.lang.String)	parameterError(java.lang.reflect.Method,int,java.lang.String,java.lang.Object...)	retrofit2.Utils	SOURCE
retrofit2.RequestFactory$Builder	validatePathName(int,java.lang.String)	pattern()	java.util.regex.Pattern	SOURCE
retrofit2.RequestFactory$Builder	validatePathName(int,java.lang.String)	contains(java.lang.Object)	java.util.Set	SOURCE
retrofit2.RequestFactory$Builder	validatePathName(int,java.lang.String)	parameterError(java.lang.reflect.Method,int,java.lang.String,java.lang.Object...)	retrofit2.Utils	SOURCE
retrofit2.RequestFactory$Builder	parsePathParameters(java.lang.String)	matcher(java.lang.CharSequence)	java.util.regex.Pattern	SOURCE
retrofit2.RequestFactory$Builder	parsePathParameters(java.lang.String)	LinkedHashSet()	java.util.LinkedHashSet	SOURCE
retrofit2.RequestFactory$Builder	parsePathParameters(java.lang.String)	find()	java.util.regex.Matcher	SOURCE
retrofit2.RequestFactory$Builder	parsePathParameters(java.lang.String)	add(E)	java.util.Set	SOURCE
retrofit2.RequestFactory$Builder	parsePathParameters(java.lang.String)	group(int)	java.util.regex.Matcher	SOURCE
retrofit2.ParameterHandler	iterable()	()	retrofit2.ParameterHandler$1	SOURCE
retrofit2.ParameterHandler$1	apply(retrofit2.RequestBuilder,java.lang.Iterable<T>)	apply(retrofit2.RequestBuilder,T)	retrofit2.ParameterHandler	SOURCE
retrofit2.ParameterHandler	array()	()	retrofit2.ParameterHandler$2	SOURCE
retrofit2.ParameterHandler$2	apply(retrofit2.RequestBuilder,java.lang.Object)	getLength(java.lang.Object)	java.lang.reflect.Array	SOURCE
retrofit2.ParameterHandler$2	apply(retrofit2.RequestBuilder,java.lang.Object)	apply(retrofit2.RequestBuilder,T)	retrofit2.ParameterHandler	SOURCE
retrofit2.ParameterHandler$2	apply(retrofit2.RequestBuilder,java.lang.Object)	get(java.lang.Object,int)	java.lang.reflect.Array	SOURCE
retrofit2.ParameterHandler$RelativeUrl	RelativeUrl(java.lang.reflect.Method,int)	ParameterHandler()	retrofit2.ParameterHandler	SOURCE
retrofit2.ParameterHandler$RelativeUrl	apply(retrofit2.RequestBuilder,java.lang.Object)	parameterError(java.lang.reflect.Method,int,java.lang.String,java.lang.Object...)	retrofit2.Utils	SOURCE
retrofit2.ParameterHandler$RelativeUrl	apply(retrofit2.RequestBuilder,java.lang.Object)	setRelativeUrl(java.lang.Object)	retrofit2.RequestBuilder	SOURCE
retrofit2.ParameterHandler$Header	Header(java.lang.String,retrofit2.Converter<T,java.lang.String>)	ParameterHandler()	retrofit2.ParameterHandler	SOURCE
retrofit2.ParameterHandler$Header	Header(java.lang.String,retrofit2.Converter<T,java.lang.String>)	<T>requireNonNull(T,java.lang.String)	java.util.Objects	SOURCE
retrofit2.ParameterHandler$Header	apply(retrofit2.RequestBuilder,T)	convert(F)	retrofit2.Converter	SOURCE
retrofit2.ParameterHandler$Header	apply(retrofit2.RequestBuilder,T)	addHeader(java.lang.String,java.lang.String)	retrofit2.RequestBuilder	SOURCE
retrofit2.ParameterHandler$Path	Path(java.lang.reflect.Method,int,java.lang.String,retrofit2.Converter<T,java.lang.String>,boolean)	ParameterHandler()	retrofit2.ParameterHandler	SOURCE
retrofit2.ParameterHandler$Path	Path(java.lang.reflect.Method,int,java.lang.String,retrofit2.Converter<T,java.lang.String>,boolean)	<T>requireNonNull(T,java.lang.String)	java.util.Objects	SOURCE
retrofit2.ParameterHandler$Path	apply(retrofit2.RequestBuilder,T)	parameterError(java.lang.reflect.Method,int,java.lang.String,java.lang.Object...)	retrofit2.Utils	SOURCE
retrofit2.ParameterHandler$Path	apply(retrofit2.RequestBuilder,T)	addPathParam(java.lang.String,java.lang.String,boolean)	retrofit2.RequestBuilder	SOURCE
retrofit2.ParameterHandler$Path	apply(retrofit2.RequestBuilder,T)	convert(F)	retrofit2.Converter	SOURCE
retrofit2.ParameterHandler$Query	Query(java.lang.String,retrofit2.Converter<T,java.lang.String>,boolean)	ParameterHandler()	retrofit2.ParameterHandler	SOURCE
retrofit2.ParameterHandler$Query	Query(java.lang.String,retrofit2.Converter<T,java.lang.String>,boolean)	<T>requireNonNull(T,java.lang.String)	java.util.Objects	SOURCE
retrofit2.ParameterHandler$Query	apply(retrofit2.RequestBuilder,T)	convert(F)	retrofit2.Converter	SOURCE
retrofit2.ParameterHandler$Query	apply(retrofit2.RequestBuilder,T)	addQueryParam(java.lang.String,java.lang.String,boolean)	retrofit2.RequestBuilder	SOURCE
retrofit2.ParameterHandler$QueryName	QueryName(retrofit2.Converter<T,java.lang.String>,boolean)	ParameterHandler()	retrofit2.ParameterHandler	SOURCE
retrofit2.ParameterHandler$QueryName	apply(retrofit2.RequestBuilder,T)	addQueryParam(java.lang.String,java.lang.String,boolean)	retrofit2.RequestBuilder	SOURCE
retrofit2.ParameterHandler$QueryName	apply(retrofit2.RequestBuilder,T)	convert(F)	retrofit2.Converter	SOURCE
retrofit2.ParameterHandler$QueryMap	QueryMap(java.lang.reflect.Method,int,retrofit2.Converter<T,java.lang.String>,boolean)	ParameterHandler()	retrofit2.ParameterHandler	SOURCE
retrofit2.ParameterHandler$QueryMap	apply(retrofit2.RequestBuilder,java.util.Map<java.lang.String,T>)	parameterError(java.lang.reflect.Method,int,java.lang.String,java.lang.Object...)	retrofit2.Utils	SOURCE
retrofit2.ParameterHandler$QueryMap	apply(retrofit2.RequestBuilder,java.util.Map<java.lang.String,T>)	entrySet()	java.util.Map	SOURCE
retrofit2.ParameterHandler$QueryMap	apply(retrofit2.RequestBuilder,java.util.Map<java.lang.String,T>)	getKey()	java.util.Map$Entry	SOURCE
retrofit2.ParameterHandler$QueryMap	apply(retrofit2.RequestBuilder,java.util.Map<java.lang.String,T>)	parameterError(java.lang.reflect.Method,int,java.lang.String,java.lang.Object...)	retrofit2.Utils	SOURCE
retrofit2.ParameterHandler$QueryMap	apply(retrofit2.RequestBuilder,java.util.Map<java.lang.String,T>)	getValue()	java.util.Map$Entry	SOURCE
retrofit2.ParameterHandler$QueryMap	apply(retrofit2.RequestBuilder,java.util.Map<java.lang.String,T>)	parameterError(java.lang.reflect.Method,int,java.lang.String,java.lang.Object...)	retrofit2.Utils	SOURCE
retrofit2.ParameterHandler$QueryMap	apply(retrofit2.RequestBuilder,java.util.Map<java.lang.String,T>)	convert(F)	retrofit2.Converter	SOURCE
retrofit2.ParameterHandler$QueryMap	apply(retrofit2.RequestBuilder,java.util.Map<java.lang.String,T>)	parameterError(java.lang.reflect.Method,int,java.lang.String,java.lang.Object...)	retrofit2.Utils	SOURCE
retrofit2.ParameterHandler$QueryMap	apply(retrofit2.RequestBuilder,java.util.Map<java.lang.String,T>)	getName()	java.lang.Class	SOURCE
retrofit2.ParameterHandler$QueryMap	apply(retrofit2.RequestBuilder,java.util.Map<java.lang.String,T>)	getClass()	java.lang.Object	SOURCE
retrofit2.ParameterHandler$QueryMap	apply(retrofit2.RequestBuilder,java.util.Map<java.lang.String,T>)	addQueryParam(java.lang.String,java.lang.String,boolean)	retrofit2.RequestBuilder	SOURCE
retrofit2.ParameterHandler$HeaderMap	HeaderMap(java.lang.reflect.Method,int,retrofit2.Converter<T,java.lang.String>)	ParameterHandler()	retrofit2.ParameterHandler	SOURCE
retrofit2.ParameterHandler$HeaderMap	apply(retrofit2.RequestBuilder,java.util.Map<java.lang.String,T>)	parameterError(java.lang.reflect.Method,int,java.lang.String,java.lang.Object...)	retrofit2.Utils	SOURCE
retrofit2.ParameterHandler$HeaderMap	apply(retrofit2.RequestBuilder,java.util.Map<java.lang.String,T>)	entrySet()	java.util.Map	SOURCE
retrofit2.ParameterHandler$HeaderMap	apply(retrofit2.RequestBuilder,java.util.Map<java.lang.String,T>)	getKey()	java.util.Map$Entry	SOURCE
retrofit2.ParameterHandler$HeaderMap	apply(retrofit2.RequestBuilder,java.util.Map<java.lang.String,T>)	parameterError(java.lang.reflect.Method,int,java.lang.String,java.lang.Object...)	retrofit2.Utils	SOURCE
retrofit2.ParameterHandler$HeaderMap	apply(retrofit2.RequestBuilder,java.util.Map<java.lang.String,T>)	getValue()	java.util.Map$Entry	SOURCE
retrofit2.ParameterHandler$HeaderMap	apply(retrofit2.RequestBuilder,java.util.Map<java.lang.String,T>)	parameterError(java.lang.reflect.Method,int,java.lang.String,java.lang.Object...)	retrofit2.Utils	SOURCE
retrofit2.ParameterHandler$HeaderMap	apply(retrofit2.RequestBuilder,java.util.Map<java.lang.String,T>)	addHeader(java.lang.String,java.lang.String)	retrofit2.RequestBuilder	SOURCE
retrofit2.ParameterHandler$HeaderMap	apply(retrofit2.RequestBuilder,java.util.Map<java.lang.String,T>)	convert(F)	retrofit2.Converter	SOURCE
retrofit2.ParameterHandler$Headers	Headers(java.lang.reflect.Method,int)	ParameterHandler()	retrofit2.ParameterHandler	SOURCE
retrofit2.ParameterHandler$Headers	apply(retrofit2.RequestBuilder,okhttp3.Headers)	parameterError(java.lang.reflect.Method,int,java.lang.String,java.lang.Object...)	retrofit2.Utils	SOURCE
retrofit2.ParameterHandler$Headers	apply(retrofit2.RequestBuilder,okhttp3.Headers)	addHeaders(okhttp3.Headers)	retrofit2.RequestBuilder	SOURCE
retrofit2.ParameterHandler$Field	Field(java.lang.String,retrofit2.Converter<T,java.lang.String>,boolean)	ParameterHandler()	retrofit2.ParameterHandler	SOURCE
retrofit2.ParameterHandler$Field	Field(java.lang.String,retrofit2.Converter<T,java.lang.String>,boolean)	<T>requireNonNull(T,java.lang.String)	java.util.Objects	SOURCE
retrofit2.ParameterHandler$Field	apply(retrofit2.RequestBuilder,T)	convert(F)	retrofit2.Converter	SOURCE
retrofit2.ParameterHandler$Field	apply(retrofit2.RequestBuilder,T)	addFormField(java.lang.String,java.lang.String,boolean)	retrofit2.RequestBuilder	SOURCE
retrofit2.ParameterHandler$FieldMap	FieldMap(java.lang.reflect.Method,int,retrofit2.Converter<T,java.lang.String>,boolean)	ParameterHandler()	retrofit2.ParameterHandler	SOURCE
retrofit2.ParameterHandler$FieldMap	apply(retrofit2.RequestBuilder,java.util.Map<java.lang.String,T>)	parameterError(java.lang.reflect.Method,int,java.lang.String,java.lang.Object...)	retrofit2.Utils	SOURCE
retrofit2.ParameterHandler$FieldMap	apply(retrofit2.RequestBuilder,java.util.Map<java.lang.String,T>)	entrySet()	java.util.Map	SOURCE
retrofit2.ParameterHandler$FieldMap	apply(retrofit2.RequestBuilder,java.util.Map<java.lang.String,T>)	getKey()	java.util.Map$Entry	SOURCE
retrofit2.ParameterHandler$FieldMap	apply(retrofit2.RequestBuilder,java.util.Map<java.lang.String,T>)	parameterError(java.lang.reflect.Method,int,java.lang.String,java.lang.Object...)	retrofit2.Utils	SOURCE
retrofit2.ParameterHandler$FieldMap	apply(retrofit2.RequestBuilder,java.util.Map<java.lang.String,T>)	getValue()	java.util.Map$Entry	SOURCE
retrofit2.ParameterHandler$FieldMap	apply(retrofit2.RequestBuilder,java.util.Map<java.lang.String,T>)	parameterError(java.lang.reflect.Method,int,java.lang.String,java.lang.Object...)	retrofit2.Utils	SOURCE
retrofit2.ParameterHandler$FieldMap	apply(retrofit2.RequestBuilder,java.util.Map<java.lang.String,T>)	convert(F)	retrofit2.Converter	SOURCE
retrofit2.ParameterHandler$FieldMap	apply(retrofit2.RequestBuilder,java.util.Map<java.lang.String,T>)	parameterError(java.lang.reflect.Method,int,java.lang.String,java.lang.Object...)	retrofit2.Utils	SOURCE
retrofit2.ParameterHandler$FieldMap	apply(retrofit2.RequestBuilder,java.util.Map<java.lang.String,T>)	getName()	java.lang.Class	SOURCE
retrofit2.ParameterHandler$FieldMap	apply(retrofit2.RequestBuilder,java.util.Map<java.lang.String,T>)	getClass()	java.lang.Object	SOURCE
retrofit2.ParameterHandler$FieldMap	apply(retrofit2.RequestBuilder,java.util.Map<java.lang.String,T>)	addFormField(java.lang.String,java.lang.String,boolean)	retrofit2.RequestBuilder	SOURCE
retrofit2.ParameterHandler$Part	Part(java.lang.reflect.Method,int,okhttp3.Headers,retrofit2.Converter<T,okhttp3.RequestBody>)	ParameterHandler()	retrofit2.ParameterHandler	SOURCE
retrofit2.ParameterHandler$Part	apply(retrofit2.RequestBuilder,T)	convert(F)	retrofit2.Converter	SOURCE
retrofit2.ParameterHandler$Part	apply(retrofit2.RequestBuilder,T)	parameterError(java.lang.reflect.Method,int,java.lang.String,java.lang.Object...)	retrofit2.Utils	SOURCE
retrofit2.ParameterHandler$Part	apply(retrofit2.RequestBuilder,T)	addPart(okhttp3.Headers,okhttp3.RequestBody)	retrofit2.RequestBuilder	SOURCE
retrofit2.ParameterHandler$RawPart	INSTANCE	RawPart()	retrofit2.ParameterHandler$RawPart	SOURCE
retrofit2.ParameterHandler$RawPart	RawPart()	ParameterHandler()	retrofit2.ParameterHandler	SOURCE
retrofit2.ParameterHandler$RawPart	apply(retrofit2.RequestBuilder,okhttp3.MultipartBody.Part)	addPart(okhttp3.MultipartBody.Part)	retrofit2.RequestBuilder	SOURCE
retrofit2.ParameterHandler$PartMap	PartMap(java.lang.reflect.Method,int,retrofit2.Converter<T,okhttp3.RequestBody>,java.lang.String)	ParameterHandler()	retrofit2.ParameterHandler	SOURCE
retrofit2.ParameterHandler$PartMap	apply(retrofit2.RequestBuilder,java.util.Map<java.lang.String,T>)	parameterError(java.lang.reflect.Method,int,java.lang.String,java.lang.Object...)	retrofit2.Utils	SOURCE
retrofit2.ParameterHandler$PartMap	apply(retrofit2.RequestBuilder,java.util.Map<java.lang.String,T>)	entrySet()	java.util.Map	SOURCE
retrofit2.ParameterHandler$PartMap	apply(retrofit2.RequestBuilder,java.util.Map<java.lang.String,T>)	getKey()	java.util.Map$Entry	SOURCE
retrofit2.ParameterHandler$PartMap	apply(retrofit2.RequestBuilder,java.util.Map<java.lang.String,T>)	parameterError(java.lang.reflect.Method,int,java.lang.String,java.lang.Object...)	retrofit2.Utils	SOURCE
retrofit2.ParameterHandler$PartMap	apply(retrofit2.RequestBuilder,java.util.Map<java.lang.String,T>)	getValue()	java.util.Map$Entry	SOURCE
retrofit2.ParameterHandler$PartMap	apply(retrofit2.RequestBuilder,java.util.Map<java.lang.String,T>)	parameterError(java.lang.reflect.Method,int,java.lang.String,java.lang.Object...)	retrofit2.Utils	SOURCE
retrofit2.ParameterHandler$PartMap	apply(retrofit2.RequestBuilder,java.util.Map<java.lang.String,T>)	of(java.lang.String...)	okhttp3.Headers	SOURCE
retrofit2.ParameterHandler$PartMap	apply(retrofit2.RequestBuilder,java.util.Map<java.lang.String,T>)	addPart(okhttp3.Headers,okhttp3.RequestBody)	retrofit2.RequestBuilder	SOURCE
retrofit2.ParameterHandler$PartMap	apply(retrofit2.RequestBuilder,java.util.Map<java.lang.String,T>)	convert(F)	retrofit2.Converter	SOURCE
retrofit2.ParameterHandler$Body	Body(java.lang.reflect.Method,int,retrofit2.Converter<T,okhttp3.RequestBody>)	ParameterHandler()	retrofit2.ParameterHandler	SOURCE
retrofit2.ParameterHandler$Body	apply(retrofit2.RequestBuilder,T)	parameterError(java.lang.reflect.Method,int,java.lang.String,java.lang.Object...)	retrofit2.Utils	SOURCE
retrofit2.ParameterHandler$Body	apply(retrofit2.RequestBuilder,T)	convert(F)	retrofit2.Converter	SOURCE
retrofit2.ParameterHandler$Body	apply(retrofit2.RequestBuilder,T)	parameterError(java.lang.reflect.Method,java.lang.Throwable,int,java.lang.String,java.lang.Object...)	retrofit2.Utils	SOURCE
retrofit2.ParameterHandler$Body	apply(retrofit2.RequestBuilder,T)	setBody(okhttp3.RequestBody)	retrofit2.RequestBuilder	SOURCE
retrofit2.ParameterHandler$Tag	Tag(java.lang.Class<T>)	ParameterHandler()	retrofit2.ParameterHandler	SOURCE
retrofit2.ParameterHandler$Tag	apply(retrofit2.RequestBuilder,T)	<T>addTag(java.lang.Class<T>,T)	retrofit2.RequestBuilder	SOURCE
retrofit2.RequestBuilder	PATH_TRAVERSAL	compile(java.lang.String)	java.util.regex.Pattern	SOURCE
retrofit2.RequestBuilder	RequestBuilder(java.lang.String,okhttp3.HttpUrl,java.lang.String,okhttp3.Headers,okhttp3.MediaType,boolean,boolean,boolean)	Object()	java.lang.Object	SOURCE
retrofit2.RequestBuilder	RequestBuilder(java.lang.String,okhttp3.HttpUrl,java.lang.String,okhttp3.Headers,okhttp3.MediaType,boolean,boolean,boolean)	Builder()	okhttp3.Request$Builder	SOURCE
retrofit2.RequestBuilder	RequestBuilder(java.lang.String,okhttp3.HttpUrl,java.lang.String,okhttp3.Headers,okhttp3.MediaType,boolean,boolean,boolean)	newBuilder()	okhttp3.Headers	SOURCE
retrofit2.RequestBuilder	RequestBuilder(java.lang.String,okhttp3.HttpUrl,java.lang.String,okhttp3.Headers,okhttp3.MediaType,boolean,boolean,boolean)	Builder()	okhttp3.Headers$Builder	SOURCE
retrofit2.RequestBuilder	RequestBuilder(java.lang.String,okhttp3.HttpUrl,java.lang.String,okhttp3.Headers,okhttp3.MediaType,boolean,boolean,boolean)	Builder()	okhttp3.FormBody$Builder	SOURCE
retrofit2.RequestBuilder	RequestBuilder(java.lang.String,okhttp3.HttpUrl,java.lang.String,okhttp3.Headers,okhttp3.MediaType,boolean,boolean,boolean)	Builder()	okhttp3.MultipartBody$Builder	SOURCE
retrofit2.RequestBuilder	RequestBuilder(java.lang.String,okhttp3.HttpUrl,java.lang.String,okhttp3.Headers,okhttp3.MediaType,boolean,boolean,boolean)	setType(okhttp3.MediaType)	okhttp3.MultipartBody$Builder	SOURCE
retrofit2.RequestBuilder	setRelativeUrl(java.lang.Object)	toString()	java.lang.Object	SOURCE
retrofit2.RequestBuilder	addHeader(java.lang.String,java.lang.String)	equalsIgnoreCase(java.lang.String)	java.lang.String	SOURCE
retrofit2.RequestBuilder	addHeader(java.lang.String,java.lang.String)	get(java.lang.String)	okhttp3.MediaType	SOURCE
retrofit2.RequestBuilder	addHeader(java.lang.String,java.lang.String)	IllegalArgumentException(java.lang.String,java.lang.Throwable)	java.lang.IllegalArgumentException	SOURCE
retrofit2.RequestBuilder	addHeader(java.lang.String,java.lang.String)	add(java.lang.String,java.lang.String)	okhttp3.Headers$Builder	SOURCE
retrofit2.RequestBuilder	addHeaders(okhttp3.Headers)	addAll(okhttp3.Headers)	okhttp3.Headers$Builder	SOURCE
retrofit2.RequestBuilder	addPathParam(java.lang.String,java.lang.String,boolean)	AssertionError()	java.lang.AssertionError	SOURCE
retrofit2.RequestBuilder	addPathParam(java.lang.String,java.lang.String,boolean)	canonicalizeForPath(java.lang.String,boolean)	retrofit2.RequestBuilder	SOURCE
retrofit2.RequestBuilder	addPathParam(java.lang.String,java.lang.String,boolean)	replace(java.lang.CharSequence,java.lang.CharSequence)	java.lang.String	SOURCE
retrofit2.RequestBuilder	addPathParam(java.lang.String,java.lang.String,boolean)	matches()	java.util.regex.Matcher	SOURCE
retrofit2.RequestBuilder	addPathParam(java.lang.String,java.lang.String,boolean)	matcher(java.lang.CharSequence)	java.util.regex.Pattern	SOURCE
retrofit2.RequestBuilder	addPathParam(java.lang.String,java.lang.String,boolean)	IllegalArgumentException(java.lang.String)	java.lang.IllegalArgumentException	SOURCE
retrofit2.RequestBuilder	canonicalizeForPath(java.lang.String,boolean)	length()	java.lang.String	SOURCE
retrofit2.RequestBuilder	canonicalizeForPath(java.lang.String,boolean)	charCount(int)	java.lang.Character	SOURCE
retrofit2.RequestBuilder	canonicalizeForPath(java.lang.String,boolean)	codePointAt(int)	java.lang.String	SOURCE
retrofit2.RequestBuilder	canonicalizeForPath(java.lang.String,boolean)	indexOf(int)	java.lang.String	SOURCE
retrofit2.RequestBuilder	canonicalizeForPath(java.lang.String,boolean)	Buffer()	okio.Buffer	SOURCE
retrofit2.RequestBuilder	canonicalizeForPath(java.lang.String,boolean)	writeUtf8(java.lang.String,int,int)	okio.Buffer	SOURCE
retrofit2.RequestBuilder	canonicalizeForPath(java.lang.String,boolean)	canonicalizeForPath(okio.Buffer,java.lang.String,int,int,boolean)	retrofit2.RequestBuilder	SOURCE
retrofit2.RequestBuilder	canonicalizeForPath(java.lang.String,boolean)	readUtf8()	okio.Buffer	SOURCE
retrofit2.RequestBuilder	canonicalizeForPath(okio.Buffer,java.lang.String,int,int,boolean)	charCount(int)	java.lang.Character	SOURCE
retrofit2.RequestBuilder	canonicalizeForPath(okio.Buffer,java.lang.String,int,int,boolean)	codePointAt(int)	java.lang.String	SOURCE
retrofit2.RequestBuilder	canonicalizeForPath(okio.Buffer,java.lang.String,int,int,boolean)	indexOf(int)	java.lang.String	SOURCE
retrofit2.RequestBuilder	canonicalizeForPath(okio.Buffer,java.lang.String,int,int,boolean)	Buffer()	okio.Buffer	SOURCE
retrofit2.RequestBuilder	canonicalizeForPath(okio.Buffer,java.lang.String,int,int,boolean)	writeUtf8CodePoint(int)	okio.Buffer	SOURCE
retrofit2.RequestBuilder	canonicalizeForPath(okio.Buffer,java.lang.String,int,int,boolean)	exhausted()	okio.Buffer	SOURCE
retrofit2.RequestBuilder	canonicalizeForPath(okio.Buffer,java.lang.String,int,int,boolean)	readByte()	okio.Buffer	SOURCE
retrofit2.RequestBuilder	canonicalizeForPath(okio.Buffer,java.lang.String,int,int,boolean)	writeByte(int)	okio.Buffer	SOURCE
retrofit2.RequestBuilder	canonicalizeForPath(okio.Buffer,java.lang.String,int,int,boolean)	writeByte(int)	okio.Buffer	SOURCE
retrofit2.RequestBuilder	canonicalizeForPath(okio.Buffer,java.lang.String,int,int,boolean)	writeByte(int)	okio.Buffer	SOURCE
retrofit2.RequestBuilder	canonicalizeForPath(okio.Buffer,java.lang.String,int,int,boolean)	writeUtf8CodePoint(int)	okio.Buffer	SOURCE
retrofit2.RequestBuilder	addQueryParam(java.lang.String,java.lang.String,boolean)	newBuilder(java.lang.String)	okhttp3.HttpUrl	SOURCE
retrofit2.RequestBuilder	addQueryParam(java.lang.String,java.lang.String,boolean)	IllegalArgumentException(java.lang.String)	java.lang.IllegalArgumentException	SOURCE
retrofit2.RequestBuilder	addQueryParam(java.lang.String,java.lang.String,boolean)	addEncodedQueryParameter(java.lang.String,java.lang.String)	okhttp3.HttpUrl$Builder	SOURCE
retrofit2.RequestBuilder	addQueryParam(java.lang.String,java.lang.String,boolean)	addQueryParameter(java.lang.String,java.lang.String)	okhttp3.HttpUrl$Builder	SOURCE
retrofit2.RequestBuilder	addFormField(java.lang.String,java.lang.String,boolean)	addEncoded(java.lang.String,java.lang.String)	okhttp3.FormBody$Builder	SOURCE
retrofit2.RequestBuilder	addFormField(java.lang.String,java.lang.String,boolean)	add(java.lang.String,java.lang.String)	okhttp3.FormBody$Builder	SOURCE
retrofit2.RequestBuilder	addPart(okhttp3.Headers,okhttp3.RequestBody)	addPart(okhttp3.Headers,okhttp3.RequestBody)	okhttp3.MultipartBody$Builder	SOURCE
retrofit2.RequestBuilder	addPart(okhttp3.MultipartBody.Part)	addPart(okhttp3.MultipartBody.Part)	okhttp3.MultipartBody$Builder	SOURCE
retrofit2.RequestBuilder	<T>addTag(java.lang.Class<T>,T)	<T>tag(java.lang.Class<? super T>,T)	okhttp3.Request$Builder	SOURCE
retrofit2.RequestBuilder	get()	build()	okhttp3.HttpUrl$Builder	SOURCE
retrofit2.RequestBuilder	get()	resolve(java.lang.String)	okhttp3.HttpUrl	SOURCE
retrofit2.RequestBuilder	get()	IllegalArgumentException(java.lang.String)	java.lang.IllegalArgumentException	SOURCE
retrofit2.RequestBuilder	get()	build()	okhttp3.FormBody$Builder	SOURCE
retrofit2.RequestBuilder	get()	build()	okhttp3.MultipartBody$Builder	SOURCE
retrofit2.RequestBuilder	get()	create(okhttp3.MediaType,byte[])	okhttp3.RequestBody	SOURCE
retrofit2.RequestBuilder	get()	ContentTypeOverridingRequestBody(okhttp3.RequestBody,okhttp3.MediaType)	retrofit2.RequestBuilder$ContentTypeOverridingRequestBody	SOURCE
retrofit2.RequestBuilder	get()	add(java.lang.String,java.lang.String)	okhttp3.Headers$Builder	SOURCE
retrofit2.RequestBuilder	get()	toString()	okhttp3.MediaType	SOURCE
retrofit2.RequestBuilder	get()	method(java.lang.String,okhttp3.RequestBody)	okhttp3.Request$Builder	SOURCE
retrofit2.RequestBuilder	get()	headers(okhttp3.Headers)	okhttp3.Request$Builder	SOURCE
retrofit2.RequestBuilder	get()	url(okhttp3.HttpUrl)	okhttp3.Request$Builder	SOURCE
retrofit2.RequestBuilder	get()	build()	okhttp3.Headers$Builder	SOURCE
retrofit2.RequestBuilder$ContentTypeOverridingRequestBody	ContentTypeOverridingRequestBody(okhttp3.RequestBody,okhttp3.MediaType)	RequestBody()	okhttp3.RequestBody	SOURCE
retrofit2.RequestBuilder$ContentTypeOverridingRequestBody	contentLength()	contentLength()	okhttp3.RequestBody	SOURCE
retrofit2.RequestBuilder$ContentTypeOverridingRequestBody	writeTo(okio.BufferedSink)	writeTo(okio.BufferedSink)	okhttp3.RequestBody	SOURCE
retrofit2.DefaultCallAdapterFactory	DefaultCallAdapterFactory(java.util.concurrent.Executor)	Factory()	retrofit2.CallAdapter$Factory	SOURCE
retrofit2.DefaultCallAdapterFactory	get(java.lang.reflect.Type,java.lang.annotation.Annotation[],retrofit2.Retrofit)	getRawType(java.lang.reflect.Type)	retrofit2.CallAdapter$Factory	SOURCE
retrofit2.DefaultCallAdapterFactory	get(java.lang.reflect.Type,java.lang.annotation.Annotation[],retrofit2.Retrofit)	IllegalArgumentException(java.lang.String)	java.lang.IllegalArgumentException	SOURCE
retrofit2.DefaultCallAdapterFactory	get(java.lang.reflect.Type,java.lang.annotation.Annotation[],retrofit2.Retrofit)	getParameterUpperBound(int,java.lang.reflect.ParameterizedType)	retrofit2.Utils	SOURCE
retrofit2.DefaultCallAdapterFactory	get(java.lang.reflect.Type,java.lang.annotation.Annotation[],retrofit2.Retrofit)	isAnnotationPresent(java.lang.annotation.Annotation[],java.lang.Class<? extends java.lang.annotation.Annotation>)	retrofit2.Utils	SOURCE
retrofit2.DefaultCallAdapterFactory	get(java.lang.reflect.Type,java.lang.annotation.Annotation[],retrofit2.Retrofit)	()	retrofit2.DefaultCallAdapterFactory$1	SOURCE
retrofit2.DefaultCallAdapterFactory$1	adapt(retrofit2.Call<java.lang.Object>)	ExecutorCallbackCall(java.util.concurrent.Executor,retrofit2.Call<T>)	retrofit2.DefaultCallAdapterFactory$ExecutorCallbackCall	SOURCE
retrofit2.DefaultCallAdapterFactory$ExecutorCallbackCall	ExecutorCallbackCall(java.util.concurrent.Executor,retrofit2.Call<T>)	Object()	java.lang.Object	SOURCE
retrofit2.DefaultCallAdapterFactory$ExecutorCallbackCall	enqueue(retrofit2.Callback<T>)	<T>requireNonNull(T,java.lang.String)	java.util.Objects	SOURCE
retrofit2.DefaultCallAdapterFactory$ExecutorCallbackCall	enqueue(retrofit2.Callback<T>)	enqueue(retrofit2.Callback<T>)	retrofit2.Call	SOURCE
retrofit2.DefaultCallAdapterFactory$ExecutorCallbackCall	enqueue(retrofit2.Callback<T>)	()	retrofit2.DefaultCallAdapterFactory$ExecutorCallbackCall$1	SOURCE
retrofit2.DefaultCallAdapterFactory$ExecutorCallbackCall$1	onResponse(retrofit2.Call<T>,retrofit2.Response<T>)	execute(java.lang.Runnable)	java.util.concurrent.Executor	SOURCE
retrofit2.DefaultCallAdapterFactory$ExecutorCallbackCall$1	onResponse(retrofit2.Call<T>,retrofit2.Response<T>)	isCanceled()	retrofit2.Call	SOURCE
retrofit2.DefaultCallAdapterFactory$ExecutorCallbackCall$1	onResponse(retrofit2.Call<T>,retrofit2.Response<T>)	onFailure(retrofit2.Call<T>,java.lang.Throwable)	retrofit2.Callback	SOURCE
retrofit2.DefaultCallAdapterFactory$ExecutorCallbackCall$1	onResponse(retrofit2.Call<T>,retrofit2.Response<T>)	IOException(java.lang.String)	java.io.IOException	SOURCE
retrofit2.DefaultCallAdapterFactory$ExecutorCallbackCall$1	onResponse(retrofit2.Call<T>,retrofit2.Response<T>)	onResponse(retrofit2.Call<T>,retrofit2.Response<T>)	retrofit2.Callback	SOURCE
retrofit2.DefaultCallAdapterFactory$ExecutorCallbackCall$1	onFailure(retrofit2.Call<T>,java.lang.Throwable)	execute(java.lang.Runnable)	java.util.concurrent.Executor	SOURCE
retrofit2.DefaultCallAdapterFactory$ExecutorCallbackCall$1	onFailure(retrofit2.Call<T>,java.lang.Throwable)	onFailure(retrofit2.Call<T>,java.lang.Throwable)	retrofit2.Callback	SOURCE
retrofit2.DefaultCallAdapterFactory$ExecutorCallbackCall	isExecuted()	isExecuted()	retrofit2.Call	SOURCE
retrofit2.DefaultCallAdapterFactory$ExecutorCallbackCall	execute()	execute()	retrofit2.Call	SOURCE
retrofit2.DefaultCallAdapterFactory$ExecutorCallbackCall	cancel()	cancel()	retrofit2.Call	SOURCE
retrofit2.DefaultCallAdapterFactory$ExecutorCallbackCall	isCanceled()	isCanceled()	retrofit2.Call	SOURCE
retrofit2.DefaultCallAdapterFactory$ExecutorCallbackCall	clone()	ExecutorCallbackCall(java.util.concurrent.Executor,retrofit2.Call<T>)	retrofit2.DefaultCallAdapterFactory$ExecutorCallbackCall	SOURCE
retrofit2.DefaultCallAdapterFactory$ExecutorCallbackCall	clone()	clone()	retrofit2.Call	SOURCE
retrofit2.DefaultCallAdapterFactory$ExecutorCallbackCall	request()	request()	retrofit2.Call	SOURCE
retrofit2.DefaultCallAdapterFactory$ExecutorCallbackCall	timeout()	timeout()	retrofit2.Call	SOURCE
retrofit2.BuiltInConverters	responseBodyConverter(java.lang.reflect.Type,java.lang.annotation.Annotation[],retrofit2.Retrofit)	isAnnotationPresent(java.lang.annotation.Annotation[],java.lang.Class<? extends java.lang.annotation.Annotation>)	retrofit2.Utils	SOURCE
retrofit2.BuiltInConverters	requestBodyConverter(java.lang.reflect.Type,java.lang.annotation.Annotation[],java.lang.annotation.Annotation[],retrofit2.Retrofit)	isAssignableFrom(java.lang.Class<?>)	java.lang.Class	SOURCE
retrofit2.BuiltInConverters	requestBodyConverter(java.lang.reflect.Type,java.lang.annotation.Annotation[],java.lang.annotation.Annotation[],retrofit2.Retrofit)	getRawType(java.lang.reflect.Type)	retrofit2.Utils	SOURCE
retrofit2.BuiltInConverters$VoidResponseBodyConverter	INSTANCE	VoidResponseBodyConverter()	retrofit2.BuiltInConverters$VoidResponseBodyConverter	SOURCE
retrofit2.BuiltInConverters$VoidResponseBodyConverter	convert(okhttp3.ResponseBody)	close()	okhttp3.ResponseBody	SOURCE
retrofit2.BuiltInConverters$UnitResponseBodyConverter	INSTANCE	UnitResponseBodyConverter()	retrofit2.BuiltInConverters$UnitResponseBodyConverter	SOURCE
retrofit2.BuiltInConverters$UnitResponseBodyConverter	convert(okhttp3.ResponseBody)	close()	okhttp3.ResponseBody	SOURCE
retrofit2.BuiltInConverters$RequestBodyConverter	INSTANCE	RequestBodyConverter()	retrofit2.BuiltInConverters$RequestBodyConverter	SOURCE
retrofit2.BuiltInConverters$StreamingResponseBodyConverter	INSTANCE	StreamingResponseBodyConverter()	retrofit2.BuiltInConverters$StreamingResponseBodyConverter	SOURCE
retrofit2.BuiltInConverters$BufferingResponseBodyConverter	INSTANCE	BufferingResponseBodyConverter()	retrofit2.BuiltInConverters$BufferingResponseBodyConverter	SOURCE
retrofit2.BuiltInConverters$BufferingResponseBodyConverter	convert(okhttp3.ResponseBody)	buffer(okhttp3.ResponseBody)	retrofit2.Utils	SOURCE
retrofit2.BuiltInConverters$BufferingResponseBodyConverter	convert(okhttp3.ResponseBody)	close()	okhttp3.ResponseBody	SOURCE
retrofit2.BuiltInConverters$ToStringConverter	INSTANCE	ToStringConverter()	retrofit2.BuiltInConverters$ToStringConverter	SOURCE
retrofit2.BuiltInConverters$ToStringConverter	convert(java.lang.Object)	toString()	java.lang.Object	SOURCE
retrofit2.HttpException	getMessage(retrofit2.Response<?>)	<T>requireNonNull(T,java.lang.String)	java.util.Objects	SOURCE
retrofit2.HttpException	getMessage(retrofit2.Response<?>)	code()	retrofit2.Response	SOURCE
retrofit2.HttpException	getMessage(retrofit2.Response<?>)	message()	retrofit2.Response	SOURCE
retrofit2.HttpException	HttpException(retrofit2.Response<?>)	RuntimeException(java.lang.String)	java.lang.RuntimeException	SOURCE
retrofit2.HttpException	HttpException(retrofit2.Response<?>)	getMessage(retrofit2.Response<?>)	retrofit2.HttpException	SOURCE
retrofit2.HttpException	HttpException(retrofit2.Response<?>)	code()	retrofit2.Response	SOURCE
retrofit2.HttpException	HttpException(retrofit2.Response<?>)	message()	retrofit2.Response	SOURCE
retrofit2.SkipCallbackExecutorImpl	INSTANCE	SkipCallbackExecutorImpl()	retrofit2.SkipCallbackExecutorImpl	SOURCE
retrofit2.SkipCallbackExecutorImpl	ensurePresent(java.lang.annotation.Annotation[])	isAnnotationPresent(java.lang.annotation.Annotation[],java.lang.Class<? extends java.lang.annotation.Annotation>)	retrofit2.Utils	SOURCE
retrofit2.SkipCallbackExecutorImpl	ensurePresent(java.lang.annotation.Annotation[])	arraycopy(java.lang.Object,int,java.lang.Object,int,int)	java.lang.System	SOURCE
retrofit2.SkipCallbackExecutorImpl	toString()	getName()	java.lang.Class	SOURCE
retrofit2.CompletableFutureCallAdapterFactory	INSTANCE	CompletableFutureCallAdapterFactory()	retrofit2.CompletableFutureCallAdapterFactory	SOURCE
retrofit2.CompletableFutureCallAdapterFactory	get(java.lang.reflect.Type,java.lang.annotation.Annotation[],retrofit2.Retrofit)	getRawType(java.lang.reflect.Type)	retrofit2.CallAdapter$Factory	SOURCE
retrofit2.CompletableFutureCallAdapterFactory	get(java.lang.reflect.Type,java.lang.annotation.Annotation[],retrofit2.Retrofit)	IllegalStateException(java.lang.String)	java.lang.IllegalStateException	SOURCE
retrofit2.CompletableFutureCallAdapterFactory	get(java.lang.reflect.Type,java.lang.annotation.Annotation[],retrofit2.Retrofit)	getParameterUpperBound(int,java.lang.reflect.ParameterizedType)	retrofit2.CallAdapter$Factory	SOURCE
retrofit2.CompletableFutureCallAdapterFactory	get(java.lang.reflect.Type,java.lang.annotation.Annotation[],retrofit2.Retrofit)	getRawType(java.lang.reflect.Type)	retrofit2.CallAdapter$Factory	SOURCE
retrofit2.CompletableFutureCallAdapterFactory	get(java.lang.reflect.Type,java.lang.annotation.Annotation[],retrofit2.Retrofit)	BodyCallAdapter(java.lang.reflect.Type)	retrofit2.CompletableFutureCallAdapterFactory$BodyCallAdapter	SOURCE
retrofit2.CompletableFutureCallAdapterFactory	get(java.lang.reflect.Type,java.lang.annotation.Annotation[],retrofit2.Retrofit)	IllegalStateException(java.lang.String)	java.lang.IllegalStateException	SOURCE
retrofit2.CompletableFutureCallAdapterFactory	get(java.lang.reflect.Type,java.lang.annotation.Annotation[],retrofit2.Retrofit)	getParameterUpperBound(int,java.lang.reflect.ParameterizedType)	retrofit2.CallAdapter$Factory	SOURCE
retrofit2.CompletableFutureCallAdapterFactory	get(java.lang.reflect.Type,java.lang.annotation.Annotation[],retrofit2.Retrofit)	ResponseCallAdapter(java.lang.reflect.Type)	retrofit2.CompletableFutureCallAdapterFactory$ResponseCallAdapter	SOURCE
retrofit2.CompletableFutureCallAdapterFactory$BodyCallAdapter	BodyCallAdapter(java.lang.reflect.Type)	Object()	java.lang.Object	SOURCE
retrofit2.CompletableFutureCallAdapterFactory$BodyCallAdapter	adapt(retrofit2.Call<R>)	CallCancelCompletableFuture(retrofit2.Call<?>)	retrofit2.CompletableFutureCallAdapterFactory$CallCancelCompletableFuture	SOURCE
retrofit2.CompletableFutureCallAdapterFactory$BodyCallAdapter	adapt(retrofit2.Call<R>)	enqueue(retrofit2.Callback<T>)	retrofit2.Call	SOURCE
retrofit2.CompletableFutureCallAdapterFactory$BodyCallAdapter	adapt(retrofit2.Call<R>)	BodyCallback(java.util.concurrent.CompletableFuture<R>)	retrofit2.CompletableFutureCallAdapterFactory$BodyCallAdapter$BodyCallback	SOURCE
retrofit2.CompletableFutureCallAdapterFactory$BodyCallAdapter$BodyCallback	BodyCallback(java.util.concurrent.CompletableFuture<R>)	Object()	java.lang.Object	SOURCE
retrofit2.CompletableFutureCallAdapterFactory$BodyCallAdapter$BodyCallback	onResponse(retrofit2.Call<R>,retrofit2.Response<R>)	isSuccessful()	retrofit2.Response	SOURCE
retrofit2.CompletableFutureCallAdapterFactory$BodyCallAdapter$BodyCallback	onResponse(retrofit2.Call<R>,retrofit2.Response<R>)	complete(T)	java.util.concurrent.CompletableFuture	SOURCE
retrofit2.CompletableFutureCallAdapterFactory$BodyCallAdapter$BodyCallback	onResponse(retrofit2.Call<R>,retrofit2.Response<R>)	body()	retrofit2.Response	SOURCE
retrofit2.CompletableFutureCallAdapterFactory$BodyCallAdapter$BodyCallback	onResponse(retrofit2.Call<R>,retrofit2.Response<R>)	completeExceptionally(java.lang.Throwable)	java.util.concurrent.CompletableFuture	SOURCE
retrofit2.CompletableFutureCallAdapterFactory$BodyCallAdapter$BodyCallback	onResponse(retrofit2.Call<R>,retrofit2.Response<R>)	HttpException(retrofit2.Response<?>)	retrofit2.HttpException	SOURCE
retrofit2.CompletableFutureCallAdapterFactory$BodyCallAdapter$BodyCallback	onFailure(retrofit2.Call<R>,java.lang.Throwable)	completeExceptionally(java.lang.Throwable)	java.util.concurrent.CompletableFuture	SOURCE
retrofit2.CompletableFutureCallAdapterFactory$ResponseCallAdapter	ResponseCallAdapter(java.lang.reflect.Type)	Object()	java.lang.Object	SOURCE
retrofit2.CompletableFutureCallAdapterFactory$ResponseCallAdapter	adapt(retrofit2.Call<R>)	CallCancelCompletableFuture(retrofit2.Call<?>)	retrofit2.CompletableFutureCallAdapterFactory$CallCancelCompletableFuture	SOURCE
retrofit2.CompletableFutureCallAdapterFactory$ResponseCallAdapter	adapt(retrofit2.Call<R>)	enqueue(retrofit2.Callback<T>)	retrofit2.Call	SOURCE
retrofit2.CompletableFutureCallAdapterFactory$ResponseCallAdapter	adapt(retrofit2.Call<R>)	ResponseCallback(java.util.concurrent.CompletableFuture<retrofit2.Response<R>>)	retrofit2.CompletableFutureCallAdapterFactory$ResponseCallAdapter$ResponseCallback	SOURCE
retrofit2.CompletableFutureCallAdapterFactory$ResponseCallAdapter$ResponseCallback	ResponseCallback(java.util.concurrent.CompletableFuture<retrofit2.Response<R>>)	Object()	java.lang.Object	SOURCE
retrofit2.CompletableFutureCallAdapterFactory$ResponseCallAdapter$ResponseCallback	onResponse(retrofit2.Call<R>,retrofit2.Response<R>)	complete(T)	java.util.concurrent.CompletableFuture	SOURCE
retrofit2.CompletableFutureCallAdapterFactory$ResponseCallAdapter$ResponseCallback	onFailure(retrofit2.Call<R>,java.lang.Throwable)	completeExceptionally(java.lang.Throwable)	java.util.concurrent.CompletableFuture	SOURCE
retrofit2.CompletableFutureCallAdapterFactory$CallCancelCompletableFuture	CallCancelCompletableFuture(retrofit2.Call<?>)	CompletableFuture()	java.util.concurrent.CompletableFuture	SOURCE
retrofit2.CompletableFutureCallAdapterFactory$CallCancelCompletableFuture	cancel(boolean)	cancel()	retrofit2.Call	SOURCE
retrofit2.CompletableFutureCallAdapterFactory$CallCancelCompletableFuture	cancel(boolean)	cancel(boolean)	java.util.concurrent.CompletableFuture	SOURCE
retrofit2.Invocation	of(java.lang.reflect.Method,java.util.List<?>)	<T>requireNonNull(T,java.lang.String)	java.util.Objects	SOURCE
retrofit2.Invocation	of(java.lang.reflect.Method,java.util.List<?>)	<T>requireNonNull(T,java.lang.String)	java.util.Objects	SOURCE
retrofit2.Invocation	of(java.lang.reflect.Method,java.util.List<?>)	Invocation(java.lang.reflect.Method,java.util.List<?>)	retrofit2.Invocation	SOURCE
retrofit2.Invocation	of(java.lang.reflect.Method,java.util.List<?>)	ArrayList(java.util.Collection<? extends E>)	java.util.ArrayList	SOURCE
retrofit2.Invocation	Invocation(java.lang.reflect.Method,java.util.List<?>)	Object()	java.lang.Object	SOURCE
retrofit2.Invocation	Invocation(java.lang.reflect.Method,java.util.List<?>)	<T>unmodifiableList(java.util.List<? extends T>)	java.util.Collections	SOURCE
retrofit2.Invocation	toString()	format(java.lang.String,java.lang.Object...)	java.lang.String	SOURCE
retrofit2.Invocation	toString()	getName()	java.lang.Class	SOURCE
retrofit2.Invocation	toString()	getDeclaringClass()	java.lang.reflect.Method	SOURCE
retrofit2.Invocation	toString()	getName()	java.lang.reflect.Method	SOURCE
retrofit2.OptionalConverterFactory	INSTANCE	OptionalConverterFactory()	retrofit2.OptionalConverterFactory	SOURCE
retrofit2.OptionalConverterFactory	responseBodyConverter(java.lang.reflect.Type,java.lang.annotation.Annotation[],retrofit2.Retrofit)	getRawType(java.lang.reflect.Type)	retrofit2.Converter$Factory	SOURCE
retrofit2.OptionalConverterFactory	responseBodyConverter(java.lang.reflect.Type,java.lang.annotation.Annotation[],retrofit2.Retrofit)	getParameterUpperBound(int,java.lang.reflect.ParameterizedType)	retrofit2.Converter$Factory	SOURCE
retrofit2.OptionalConverterFactory	responseBodyConverter(java.lang.reflect.Type,java.lang.annotation.Annotation[],retrofit2.Retrofit)	<T>responseBodyConverter(java.lang.reflect.Type,java.lang.annotation.Annotation[])	retrofit2.Retrofit	SOURCE
retrofit2.OptionalConverterFactory	responseBodyConverter(java.lang.reflect.Type,java.lang.annotation.Annotation[],retrofit2.Retrofit)	OptionalConverter(retrofit2.Converter<okhttp3.ResponseBody,T>)	retrofit2.OptionalConverterFactory$OptionalConverter	SOURCE
retrofit2.OptionalConverterFactory$OptionalConverter	OptionalConverter(retrofit2.Converter<okhttp3.ResponseBody,T>)	Object()	java.lang.Object	SOURCE
retrofit2.OptionalConverterFactory$OptionalConverter	convert(okhttp3.ResponseBody)	<T>ofNullable(T)	java.util.Optional	SOURCE
retrofit2.OptionalConverterFactory$OptionalConverter	convert(okhttp3.ResponseBody)	convert(F)	retrofit2.Converter	SOURCE
retrofit2.HttpServiceMethod	<ResponseT,ReturnT>parseAnnotations(retrofit2.Retrofit,java.lang.reflect.Method,retrofit2.RequestFactory)	getAnnotations()	java.lang.reflect.AccessibleObject	SOURCE
retrofit2.HttpServiceMethod	<ResponseT,ReturnT>parseAnnotations(retrofit2.Retrofit,java.lang.reflect.Method,retrofit2.RequestFactory)	getGenericParameterTypes()	java.lang.reflect.Method	SOURCE
retrofit2.HttpServiceMethod	<ResponseT,ReturnT>parseAnnotations(retrofit2.Retrofit,java.lang.reflect.Method,retrofit2.RequestFactory)	getParameterLowerBound(int,java.lang.reflect.ParameterizedType)	retrofit2.Utils	SOURCE
retrofit2.HttpServiceMethod	<ResponseT,ReturnT>parseAnnotations(retrofit2.Retrofit,java.lang.reflect.Method,retrofit2.RequestFactory)	getRawType(java.lang.reflect.Type)	retrofit2.Utils	SOURCE
retrofit2.HttpServiceMethod	<ResponseT,ReturnT>parseAnnotations(retrofit2.Retrofit,java.lang.reflect.Method,retrofit2.RequestFactory)	getParameterUpperBound(int,java.lang.reflect.ParameterizedType)	retrofit2.Utils	SOURCE
retrofit2.HttpServiceMethod	<ResponseT,ReturnT>parseAnnotations(retrofit2.Retrofit,java.lang.reflect.Method,retrofit2.RequestFactory)	ParameterizedTypeImpl(java.lang.reflect.Type,java.lang.reflect.Type,java.lang.reflect.Type...)	retrofit2.Utils$ParameterizedTypeImpl	SOURCE
retrofit2.HttpServiceMethod	<ResponseT,ReturnT>parseAnnotations(retrofit2.Retrofit,java.lang.reflect.Method,retrofit2.RequestFactory)	ensurePresent(java.lang.annotation.Annotation[])	retrofit2.SkipCallbackExecutorImpl	SOURCE
retrofit2.HttpServiceMethod	<ResponseT,ReturnT>parseAnnotations(retrofit2.Retrofit,java.lang.reflect.Method,retrofit2.RequestFactory)	getGenericReturnType()	java.lang.reflect.Method	SOURCE
retrofit2.HttpServiceMethod	<ResponseT,ReturnT>parseAnnotations(retrofit2.Retrofit,java.lang.reflect.Method,retrofit2.RequestFactory)	<ResponseT,ReturnT>createCallAdapter(retrofit2.Retrofit,java.lang.reflect.Method,java.lang.reflect.Type,java.lang.annotation.Annotation[])	retrofit2.HttpServiceMethod	SOURCE
retrofit2.HttpServiceMethod	<ResponseT,ReturnT>parseAnnotations(retrofit2.Retrofit,java.lang.reflect.Method,retrofit2.RequestFactory)	responseType()	retrofit2.CallAdapter	SOURCE
retrofit2.HttpServiceMethod	<ResponseT,ReturnT>parseAnnotations(retrofit2.Retrofit,java.lang.reflect.Method,retrofit2.RequestFactory)	methodError(java.lang.reflect.Method,java.lang.String,java.lang.Object...)	retrofit2.Utils	SOURCE
retrofit2.HttpServiceMethod	<ResponseT,ReturnT>parseAnnotations(retrofit2.Retrofit,java.lang.reflect.Method,retrofit2.RequestFactory)	getName()	java.lang.Class	SOURCE
retrofit2.HttpServiceMethod	<ResponseT,ReturnT>parseAnnotations(retrofit2.Retrofit,java.lang.reflect.Method,retrofit2.RequestFactory)	getRawType(java.lang.reflect.Type)	retrofit2.Utils	SOURCE
retrofit2.HttpServiceMethod	<ResponseT,ReturnT>parseAnnotations(retrofit2.Retrofit,java.lang.reflect.Method,retrofit2.RequestFactory)	methodError(java.lang.reflect.Method,java.lang.String,java.lang.Object...)	retrofit2.Utils	SOURCE
retrofit2.HttpServiceMethod	<ResponseT,ReturnT>parseAnnotations(retrofit2.Retrofit,java.lang.reflect.Method,retrofit2.RequestFactory)	equals(java.lang.Object)	java.lang.String	SOURCE
retrofit2.HttpServiceMethod	<ResponseT,ReturnT>parseAnnotations(retrofit2.Retrofit,java.lang.reflect.Method,retrofit2.RequestFactory)	equals(java.lang.Object)	java.lang.Object	SOURCE
retrofit2.HttpServiceMethod	<ResponseT,ReturnT>parseAnnotations(retrofit2.Retrofit,java.lang.reflect.Method,retrofit2.RequestFactory)	methodError(java.lang.reflect.Method,java.lang.String,java.lang.Object...)	retrofit2.Utils	SOURCE
retrofit2.HttpServiceMethod	<ResponseT,ReturnT>parseAnnotations(retrofit2.Retrofit,java.lang.reflect.Method,retrofit2.RequestFactory)	<ResponseT>createResponseConverter(retrofit2.Retrofit,java.lang.reflect.Method,java.lang.reflect.Type)	retrofit2.HttpServiceMethod	SOURCE
retrofit2.HttpServiceMethod	<ResponseT,ReturnT>parseAnnotations(retrofit2.Retrofit,java.lang.reflect.Method,retrofit2.RequestFactory)	CallAdapted(retrofit2.RequestFactory,okhttp3.Call.Factory,retrofit2.Converter<okhttp3.ResponseBody,ResponseT>,retrofit2.CallAdapter<ResponseT,ReturnT>)	retrofit2.HttpServiceMethod$CallAdapted	SOURCE
retrofit2.HttpServiceMethod	<ResponseT,ReturnT>parseAnnotations(retrofit2.Retrofit,java.lang.reflect.Method,retrofit2.RequestFactory)	SuspendForResponse(retrofit2.RequestFactory,okhttp3.Call.Factory,retrofit2.Converter<okhttp3.ResponseBody,ResponseT>,retrofit2.CallAdapter<ResponseT,retrofit2.Call<ResponseT>>)	retrofit2.HttpServiceMethod$SuspendForResponse	SOURCE
retrofit2.HttpServiceMethod	<ResponseT,ReturnT>parseAnnotations(retrofit2.Retrofit,java.lang.reflect.Method,retrofit2.RequestFactory)	SuspendForBody(retrofit2.RequestFactory,okhttp3.Call.Factory,retrofit2.Converter<okhttp3.ResponseBody,ResponseT>,retrofit2.CallAdapter<ResponseT,retrofit2.Call<ResponseT>>,boolean)	retrofit2.HttpServiceMethod$SuspendForBody	SOURCE
retrofit2.HttpServiceMethod	<ResponseT,ReturnT>createCallAdapter(retrofit2.Retrofit,java.lang.reflect.Method,java.lang.reflect.Type,java.lang.annotation.Annotation[])	callAdapter(java.lang.reflect.Type,java.lang.annotation.Annotation[])	retrofit2.Retrofit	SOURCE
retrofit2.HttpServiceMethod	<ResponseT,ReturnT>createCallAdapter(retrofit2.Retrofit,java.lang.reflect.Method,java.lang.reflect.Type,java.lang.annotation.Annotation[])	methodError(java.lang.reflect.Method,java.lang.Throwable,java.lang.String,java.lang.Object...)	retrofit2.Utils	SOURCE
retrofit2.HttpServiceMethod	<ResponseT>createResponseConverter(retrofit2.Retrofit,java.lang.reflect.Method,java.lang.reflect.Type)	getAnnotations()	java.lang.reflect.AccessibleObject	SOURCE
retrofit2.HttpServiceMethod	<ResponseT>createResponseConverter(retrofit2.Retrofit,java.lang.reflect.Method,java.lang.reflect.Type)	<T>responseBodyConverter(java.lang.reflect.Type,java.lang.annotation.Annotation[])	retrofit2.Retrofit	SOURCE
retrofit2.HttpServiceMethod	<ResponseT>createResponseConverter(retrofit2.Retrofit,java.lang.reflect.Method,java.lang.reflect.Type)	methodError(java.lang.reflect.Method,java.lang.Throwable,java.lang.String,java.lang.Object...)	retrofit2.Utils	SOURCE
retrofit2.HttpServiceMethod	HttpServiceMethod(retrofit2.RequestFactory,okhttp3.Call.Factory,retrofit2.Converter<okhttp3.ResponseBody,ResponseT>)	ServiceMethod()	retrofit2.ServiceMethod	SOURCE
retrofit2.HttpServiceMethod	invoke(java.lang.Object[])	OkHttpCall(retrofit2.RequestFactory,java.lang.Object[],okhttp3.Call.Factory,retrofit2.Converter<okhttp3.ResponseBody,T>)	retrofit2.OkHttpCall	SOURCE
retrofit2.HttpServiceMethod	invoke(java.lang.Object[])	adapt(retrofit2.Call<ResponseT>,java.lang.Object[])	retrofit2.HttpServiceMethod	SOURCE
retrofit2.HttpServiceMethod$CallAdapted	CallAdapted(retrofit2.RequestFactory,okhttp3.Call.Factory,retrofit2.Converter<okhttp3.ResponseBody,ResponseT>,retrofit2.CallAdapter<ResponseT,ReturnT>)	HttpServiceMethod(retrofit2.RequestFactory,okhttp3.Call.Factory,retrofit2.Converter<okhttp3.ResponseBody,ResponseT>)	retrofit2.HttpServiceMethod	SOURCE
retrofit2.HttpServiceMethod$CallAdapted	adapt(retrofit2.Call<ResponseT>,java.lang.Object[])	adapt(retrofit2.Call<R>)	retrofit2.CallAdapter	SOURCE
retrofit2.HttpServiceMethod$SuspendForResponse	SuspendForResponse(retrofit2.RequestFactory,okhttp3.Call.Factory,retrofit2.Converter<okhttp3.ResponseBody,ResponseT>,retrofit2.CallAdapter<ResponseT,retrofit2.Call<ResponseT>>)	HttpServiceMethod(retrofit2.RequestFactory,okhttp3.Call.Factory,retrofit2.Converter<okhttp3.ResponseBody,ResponseT>)	retrofit2.HttpServiceMethod	SOURCE
retrofit2.HttpServiceMethod$SuspendForResponse	adapt(retrofit2.Call<ResponseT>,java.lang.Object[])	adapt(retrofit2.Call<R>)	retrofit2.CallAdapter	SOURCE
retrofit2.HttpServiceMethod$SuspendForResponse	adapt(retrofit2.Call<ResponseT>,java.lang.Object[])	<T>awaitResponse(retrofit2.Call<T>,kotlin.coroutines.Continuation<? super retrofit2.Response<T>>)	retrofit2.KotlinExtensions	SOURCE
retrofit2.HttpServiceMethod$SuspendForResponse	adapt(retrofit2.Call<ResponseT>,java.lang.Object[])	suspendAndThrow(java.lang.Exception,kotlin.coroutines.Continuation<?>)	retrofit2.KotlinExtensions	SOURCE
retrofit2.HttpServiceMethod$SuspendForBody	SuspendForBody(retrofit2.RequestFactory,okhttp3.Call.Factory,retrofit2.Converter<okhttp3.ResponseBody,ResponseT>,retrofit2.CallAdapter<ResponseT,retrofit2.Call<ResponseT>>,boolean)	HttpServiceMethod(retrofit2.RequestFactory,okhttp3.Call.Factory,retrofit2.Converter<okhttp3.ResponseBody,ResponseT>)	retrofit2.HttpServiceMethod	SOURCE
retrofit2.HttpServiceMethod$SuspendForBody	adapt(retrofit2.Call<ResponseT>,java.lang.Object[])	adapt(retrofit2.Call<R>)	retrofit2.CallAdapter	SOURCE
retrofit2.HttpServiceMethod$SuspendForBody	adapt(retrofit2.Call<ResponseT>,java.lang.Object[])	<T>awaitNullable(retrofit2.Call<T>,kotlin.coroutines.Continuation<? super T>)	retrofit2.KotlinExtensions	SOURCE
retrofit2.HttpServiceMethod$SuspendForBody	adapt(retrofit2.Call<ResponseT>,java.lang.Object[])	<T>await(retrofit2.Call<T>,kotlin.coroutines.Continuation<? super T>)	retrofit2.KotlinExtensions	SOURCE
retrofit2.HttpServiceMethod$SuspendForBody	adapt(retrofit2.Call<ResponseT>,java.lang.Object[])	suspendAndThrow(java.lang.Exception,kotlin.coroutines.Continuation<?>)	retrofit2.KotlinExtensions	SOURCE
