REGION_CLASS	REGION_MEMBER	USED_MEMBER	USED_CLASS	SOURCE_TYPE
retrofit2.Response	Response(okhttp3.Response,T,okhttp3.ResponseBody)	rawResponse	retrofit2.Response	SOURCE
retrofit2.Response	Response(okhttp3.Response,T,okhttp3.ResponseBody)	this	retrofit2.Response	SOURCE
retrofit2.Response	Response(okhttp3.Response,T,okhttp3.ResponseBody)	body	retrofit2.Response	SOURCE
retrofit2.Response	Response(okhttp3.Response,T,okhttp3.ResponseBody)	this	retrofit2.Response	SOURCE
retrofit2.Response	Response(okhttp3.Response,T,okhttp3.ResponseBody)	errorBody	retrofit2.Response	SOURCE
retrofit2.Response	Response(okhttp3.Response,T,okhttp3.ResponseBody)	this	retrofit2.Response	SOURCE
retrofit2.Response	raw()	rawResponse	retrofit2.Response	SOURCE
retrofit2.Response	code()	rawResponse	retrofit2.Response	SOURCE
retrofit2.Response	message()	rawResponse	retrofit2.Response	SOURCE
retrofit2.Response	headers()	rawResponse	retrofit2.Response	SOURCE
retrofit2.Response	isSuccessful()	rawResponse	retrofit2.Response	SOURCE
retrofit2.Response	body()	body	retrofit2.Response	SOURCE
retrofit2.Response	errorBody()	errorBody	retrofit2.Response	SOURCE
retrofit2.Response	toString()	rawResponse	retrofit2.Response	SOURCE
retrofit2.Retrofit	Retrofit(okhttp3.Call.Factory,okhttp3.HttpUrl,java.util.List<retrofit2.Converter.Factory>,java.util.List<retrofit2.CallAdapter.Factory>,java.util.concurrent.Executor,boolean)	callFactory	retrofit2.Retrofit	SOURCE
retrofit2.Retrofit	Retrofit(okhttp3.Call.Factory,okhttp3.HttpUrl,java.util.List<retrofit2.Converter.Factory>,java.util.List<retrofit2.CallAdapter.Factory>,java.util.concurrent.Executor,boolean)	this	retrofit2.Retrofit	SOURCE
retrofit2.Retrofit	Retrofit(okhttp3.Call.Factory,okhttp3.HttpUrl,java.util.List<retrofit2.Converter.Factory>,java.util.List<retrofit2.CallAdapter.Factory>,java.util.concurrent.Executor,boolean)	baseUrl	retrofit2.Retrofit	SOURCE
retrofit2.Retrofit	Retrofit(okhttp3.Call.Factory,okhttp3.HttpUrl,java.util.List<retrofit2.Converter.Factory>,java.util.List<retrofit2.CallAdapter.Factory>,java.util.concurrent.Executor,boolean)	this	retrofit2.Retrofit	SOURCE
retrofit2.Retrofit	Retrofit(okhttp3.Call.Factory,okhttp3.HttpUrl,java.util.List<retrofit2.Converter.Factory>,java.util.List<retrofit2.CallAdapter.Factory>,java.util.concurrent.Executor,boolean)	converterFactories	retrofit2.Retrofit	SOURCE
retrofit2.Retrofit	Retrofit(okhttp3.Call.Factory,okhttp3.HttpUrl,java.util.List<retrofit2.Converter.Factory>,java.util.List<retrofit2.CallAdapter.Factory>,java.util.concurrent.Executor,boolean)	this	retrofit2.Retrofit	SOURCE
retrofit2.Retrofit	Retrofit(okhttp3.Call.Factory,okhttp3.HttpUrl,java.util.List<retrofit2.Converter.Factory>,java.util.List<retrofit2.CallAdapter.Factory>,java.util.concurrent.Executor,boolean)	callAdapterFactories	retrofit2.Retrofit	SOURCE
retrofit2.Retrofit	Retrofit(okhttp3.Call.Factory,okhttp3.HttpUrl,java.util.List<retrofit2.Converter.Factory>,java.util.List<retrofit2.CallAdapter.Factory>,java.util.concurrent.Executor,boolean)	this	retrofit2.Retrofit	SOURCE
retrofit2.Retrofit	Retrofit(okhttp3.Call.Factory,okhttp3.HttpUrl,java.util.List<retrofit2.Converter.Factory>,java.util.List<retrofit2.CallAdapter.Factory>,java.util.concurrent.Executor,boolean)	callbackExecutor	retrofit2.Retrofit	SOURCE
retrofit2.Retrofit	Retrofit(okhttp3.Call.Factory,okhttp3.HttpUrl,java.util.List<retrofit2.Converter.Factory>,java.util.List<retrofit2.CallAdapter.Factory>,java.util.concurrent.Executor,boolean)	this	retrofit2.Retrofit	SOURCE
retrofit2.Retrofit	Retrofit(okhttp3.Call.Factory,okhttp3.HttpUrl,java.util.List<retrofit2.Converter.Factory>,java.util.List<retrofit2.CallAdapter.Factory>,java.util.concurrent.Executor,boolean)	validateEagerly	retrofit2.Retrofit	SOURCE
retrofit2.Retrofit	Retrofit(okhttp3.Call.Factory,okhttp3.HttpUrl,java.util.List<retrofit2.Converter.Factory>,java.util.List<retrofit2.CallAdapter.Factory>,java.util.concurrent.Executor,boolean)	this	retrofit2.Retrofit	SOURCE
retrofit2.Retrofit$1	invoke(java.lang.Object,java.lang.reflect.Method,java.lang.Object[])	class	java.lang.Object	SOURCE
retrofit2.Retrofit$1	invoke(java.lang.Object,java.lang.reflect.Method,java.lang.Object[])	this	retrofit2.Retrofit$1	SOURCE
retrofit2.Retrofit$1	invoke(java.lang.Object,java.lang.reflect.Method,java.lang.Object[])	emptyArgs	retrofit2.Retrofit$1	SOURCE
retrofit2.Retrofit$1	invoke(java.lang.Object,java.lang.reflect.Method,java.lang.Object[])	platform	retrofit2.Retrofit$1	SOURCE
retrofit2.Retrofit$1	invoke(java.lang.Object,java.lang.reflect.Method,java.lang.Object[])	platform	retrofit2.Retrofit$1	SOURCE
retrofit2.Retrofit	validateServiceInterface(java.lang.Class<?>)	length	Array	SOURCE
retrofit2.Retrofit	validateServiceInterface(java.lang.Class<?>)	validateEagerly	retrofit2.Retrofit	SOURCE
retrofit2.Retrofit	loadServiceMethod(java.lang.reflect.Method)	serviceMethodCache	retrofit2.Retrofit	SOURCE
retrofit2.Retrofit	loadServiceMethod(java.lang.reflect.Method)	serviceMethodCache	retrofit2.Retrofit	SOURCE
retrofit2.Retrofit	loadServiceMethod(java.lang.reflect.Method)	serviceMethodCache	retrofit2.Retrofit	SOURCE
retrofit2.Retrofit	loadServiceMethod(java.lang.reflect.Method)	this	retrofit2.Retrofit	SOURCE
retrofit2.Retrofit	loadServiceMethod(java.lang.reflect.Method)	serviceMethodCache	retrofit2.Retrofit	SOURCE
retrofit2.Retrofit	callFactory()	callFactory	retrofit2.Retrofit	SOURCE
retrofit2.Retrofit	baseUrl()	baseUrl	retrofit2.Retrofit	SOURCE
retrofit2.Retrofit	callAdapterFactories()	callAdapterFactories	retrofit2.Retrofit	SOURCE
retrofit2.Retrofit	nextCallAdapter(retrofit2.CallAdapter.Factory,java.lang.reflect.Type,java.lang.annotation.Annotation[])	callAdapterFactories	retrofit2.Retrofit	SOURCE
retrofit2.Retrofit	nextCallAdapter(retrofit2.CallAdapter.Factory,java.lang.reflect.Type,java.lang.annotation.Annotation[])	callAdapterFactories	retrofit2.Retrofit	SOURCE
retrofit2.Retrofit	nextCallAdapter(retrofit2.CallAdapter.Factory,java.lang.reflect.Type,java.lang.annotation.Annotation[])	callAdapterFactories	retrofit2.Retrofit	SOURCE
retrofit2.Retrofit	nextCallAdapter(retrofit2.CallAdapter.Factory,java.lang.reflect.Type,java.lang.annotation.Annotation[])	this	retrofit2.Retrofit	SOURCE
retrofit2.Retrofit	nextCallAdapter(retrofit2.CallAdapter.Factory,java.lang.reflect.Type,java.lang.annotation.Annotation[])	callAdapterFactories	retrofit2.Retrofit	SOURCE
retrofit2.Retrofit	nextCallAdapter(retrofit2.CallAdapter.Factory,java.lang.reflect.Type,java.lang.annotation.Annotation[])	callAdapterFactories	retrofit2.Retrofit	SOURCE
retrofit2.Retrofit	nextCallAdapter(retrofit2.CallAdapter.Factory,java.lang.reflect.Type,java.lang.annotation.Annotation[])	callAdapterFactories	retrofit2.Retrofit	SOURCE
retrofit2.Retrofit	converterFactories()	converterFactories	retrofit2.Retrofit	SOURCE
retrofit2.Retrofit	<T>nextRequestBodyConverter(retrofit2.Converter.Factory,java.lang.reflect.Type,java.lang.annotation.Annotation[],java.lang.annotation.Annotation[])	converterFactories	retrofit2.Retrofit	SOURCE
retrofit2.Retrofit	<T>nextRequestBodyConverter(retrofit2.Converter.Factory,java.lang.reflect.Type,java.lang.annotation.Annotation[],java.lang.annotation.Annotation[])	converterFactories	retrofit2.Retrofit	SOURCE
retrofit2.Retrofit	<T>nextRequestBodyConverter(retrofit2.Converter.Factory,java.lang.reflect.Type,java.lang.annotation.Annotation[],java.lang.annotation.Annotation[])	converterFactories	retrofit2.Retrofit	SOURCE
retrofit2.Retrofit	<T>nextRequestBodyConverter(retrofit2.Converter.Factory,java.lang.reflect.Type,java.lang.annotation.Annotation[],java.lang.annotation.Annotation[])	this	retrofit2.Retrofit	SOURCE
retrofit2.Retrofit	<T>nextRequestBodyConverter(retrofit2.Converter.Factory,java.lang.reflect.Type,java.lang.annotation.Annotation[],java.lang.annotation.Annotation[])	converterFactories	retrofit2.Retrofit	SOURCE
retrofit2.Retrofit	<T>nextRequestBodyConverter(retrofit2.Converter.Factory,java.lang.reflect.Type,java.lang.annotation.Annotation[],java.lang.annotation.Annotation[])	converterFactories	retrofit2.Retrofit	SOURCE
retrofit2.Retrofit	<T>nextRequestBodyConverter(retrofit2.Converter.Factory,java.lang.reflect.Type,java.lang.annotation.Annotation[],java.lang.annotation.Annotation[])	converterFactories	retrofit2.Retrofit	SOURCE
retrofit2.Retrofit	<T>nextResponseBodyConverter(retrofit2.Converter.Factory,java.lang.reflect.Type,java.lang.annotation.Annotation[])	converterFactories	retrofit2.Retrofit	SOURCE
retrofit2.Retrofit	<T>nextResponseBodyConverter(retrofit2.Converter.Factory,java.lang.reflect.Type,java.lang.annotation.Annotation[])	converterFactories	retrofit2.Retrofit	SOURCE
retrofit2.Retrofit	<T>nextResponseBodyConverter(retrofit2.Converter.Factory,java.lang.reflect.Type,java.lang.annotation.Annotation[])	converterFactories	retrofit2.Retrofit	SOURCE
retrofit2.Retrofit	<T>nextResponseBodyConverter(retrofit2.Converter.Factory,java.lang.reflect.Type,java.lang.annotation.Annotation[])	this	retrofit2.Retrofit	SOURCE
retrofit2.Retrofit	<T>nextResponseBodyConverter(retrofit2.Converter.Factory,java.lang.reflect.Type,java.lang.annotation.Annotation[])	converterFactories	retrofit2.Retrofit	SOURCE
retrofit2.Retrofit	<T>nextResponseBodyConverter(retrofit2.Converter.Factory,java.lang.reflect.Type,java.lang.annotation.Annotation[])	converterFactories	retrofit2.Retrofit	SOURCE
retrofit2.Retrofit	<T>nextResponseBodyConverter(retrofit2.Converter.Factory,java.lang.reflect.Type,java.lang.annotation.Annotation[])	converterFactories	retrofit2.Retrofit	SOURCE
retrofit2.Retrofit	<T>stringConverter(java.lang.reflect.Type,java.lang.annotation.Annotation[])	converterFactories	retrofit2.Retrofit	SOURCE
retrofit2.Retrofit	<T>stringConverter(java.lang.reflect.Type,java.lang.annotation.Annotation[])	converterFactories	retrofit2.Retrofit	SOURCE
retrofit2.Retrofit	<T>stringConverter(java.lang.reflect.Type,java.lang.annotation.Annotation[])	this	retrofit2.Retrofit	SOURCE
retrofit2.Retrofit	<T>stringConverter(java.lang.reflect.Type,java.lang.annotation.Annotation[])	INSTANCE	retrofit2.BuiltInConverters$ToStringConverter	SOURCE
retrofit2.Retrofit	callbackExecutor()	callbackExecutor	retrofit2.Retrofit	SOURCE
retrofit2.Retrofit	newBuilder()	this	retrofit2.Retrofit	SOURCE
retrofit2.Retrofit$Builder	Builder(retrofit2.Platform)	platform	retrofit2.Retrofit$Builder	SOURCE
retrofit2.Retrofit$Builder	Builder(retrofit2.Platform)	this	retrofit2.Retrofit$Builder	SOURCE
retrofit2.Retrofit$Builder	Builder(retrofit2.Retrofit)	platform	retrofit2.Retrofit$Builder	SOURCE
retrofit2.Retrofit$Builder	Builder(retrofit2.Retrofit)	callFactory	retrofit2.Retrofit$Builder	SOURCE
retrofit2.Retrofit$Builder	Builder(retrofit2.Retrofit)	callFactory	retrofit2.Retrofit	SOURCE
retrofit2.Retrofit$Builder	Builder(retrofit2.Retrofit)	baseUrl	retrofit2.Retrofit$Builder	SOURCE
retrofit2.Retrofit$Builder	Builder(retrofit2.Retrofit)	baseUrl	retrofit2.Retrofit	SOURCE
retrofit2.Retrofit$Builder	Builder(retrofit2.Retrofit)	converterFactories	retrofit2.Retrofit	SOURCE
retrofit2.Retrofit$Builder	Builder(retrofit2.Retrofit)	platform	retrofit2.Retrofit$Builder	SOURCE
retrofit2.Retrofit$Builder	Builder(retrofit2.Retrofit)	converterFactories	retrofit2.Retrofit$Builder	SOURCE
retrofit2.Retrofit$Builder	Builder(retrofit2.Retrofit)	converterFactories	retrofit2.Retrofit	SOURCE
retrofit2.Retrofit$Builder	Builder(retrofit2.Retrofit)	callAdapterFactories	retrofit2.Retrofit	SOURCE
retrofit2.Retrofit$Builder	Builder(retrofit2.Retrofit)	platform	retrofit2.Retrofit$Builder	SOURCE
retrofit2.Retrofit$Builder	Builder(retrofit2.Retrofit)	callAdapterFactories	retrofit2.Retrofit$Builder	SOURCE
retrofit2.Retrofit$Builder	Builder(retrofit2.Retrofit)	callAdapterFactories	retrofit2.Retrofit	SOURCE
retrofit2.Retrofit$Builder	Builder(retrofit2.Retrofit)	callbackExecutor	retrofit2.Retrofit$Builder	SOURCE
retrofit2.Retrofit$Builder	Builder(retrofit2.Retrofit)	callbackExecutor	retrofit2.Retrofit	SOURCE
retrofit2.Retrofit$Builder	Builder(retrofit2.Retrofit)	validateEagerly	retrofit2.Retrofit$Builder	SOURCE
retrofit2.Retrofit$Builder	Builder(retrofit2.Retrofit)	validateEagerly	retrofit2.Retrofit	SOURCE
retrofit2.Retrofit$Builder	callFactory(okhttp3.Call.Factory)	callFactory	retrofit2.Retrofit$Builder	SOURCE
retrofit2.Retrofit$Builder	callFactory(okhttp3.Call.Factory)	this	retrofit2.Retrofit$Builder	SOURCE
retrofit2.Retrofit$Builder	callFactory(okhttp3.Call.Factory)	this	retrofit2.Retrofit$Builder	SOURCE
retrofit2.Retrofit$Builder	baseUrl(okhttp3.HttpUrl)	baseUrl	retrofit2.Retrofit$Builder	SOURCE
retrofit2.Retrofit$Builder	baseUrl(okhttp3.HttpUrl)	this	retrofit2.Retrofit$Builder	SOURCE
retrofit2.Retrofit$Builder	baseUrl(okhttp3.HttpUrl)	this	retrofit2.Retrofit$Builder	SOURCE
retrofit2.Retrofit$Builder	addConverterFactory(retrofit2.Converter.Factory)	converterFactories	retrofit2.Retrofit$Builder	SOURCE
retrofit2.Retrofit$Builder	addConverterFactory(retrofit2.Converter.Factory)	this	retrofit2.Retrofit$Builder	SOURCE
retrofit2.Retrofit$Builder	addCallAdapterFactory(retrofit2.CallAdapter.Factory)	callAdapterFactories	retrofit2.Retrofit$Builder	SOURCE
retrofit2.Retrofit$Builder	addCallAdapterFactory(retrofit2.CallAdapter.Factory)	this	retrofit2.Retrofit$Builder	SOURCE
retrofit2.Retrofit$Builder	callbackExecutor(java.util.concurrent.Executor)	callbackExecutor	retrofit2.Retrofit$Builder	SOURCE
retrofit2.Retrofit$Builder	callbackExecutor(java.util.concurrent.Executor)	this	retrofit2.Retrofit$Builder	SOURCE
retrofit2.Retrofit$Builder	callbackExecutor(java.util.concurrent.Executor)	this	retrofit2.Retrofit$Builder	SOURCE
retrofit2.Retrofit$Builder	callAdapterFactories()	callAdapterFactories	retrofit2.Retrofit$Builder	SOURCE
retrofit2.Retrofit$Builder	callAdapterFactories()	this	retrofit2.Retrofit$Builder	SOURCE
retrofit2.Retrofit$Builder	converterFactories()	converterFactories	retrofit2.Retrofit$Builder	SOURCE
retrofit2.Retrofit$Builder	converterFactories()	this	retrofit2.Retrofit$Builder	SOURCE
retrofit2.Retrofit$Builder	validateEagerly(boolean)	validateEagerly	retrofit2.Retrofit$Builder	SOURCE
retrofit2.Retrofit$Builder	validateEagerly(boolean)	this	retrofit2.Retrofit$Builder	SOURCE
retrofit2.Retrofit$Builder	validateEagerly(boolean)	this	retrofit2.Retrofit$Builder	SOURCE
retrofit2.Retrofit$Builder	build()	baseUrl	retrofit2.Retrofit$Builder	SOURCE
retrofit2.Retrofit$Builder	build()	callFactory	retrofit2.Retrofit$Builder	SOURCE
retrofit2.Retrofit$Builder	build()	callFactory	retrofit2.Retrofit$Builder	SOURCE
retrofit2.Retrofit$Builder	build()	this	retrofit2.Retrofit$Builder	SOURCE
retrofit2.Retrofit$Builder	build()	callbackExecutor	retrofit2.Retrofit$Builder	SOURCE
retrofit2.Retrofit$Builder	build()	callbackExecutor	retrofit2.Retrofit$Builder	SOURCE
retrofit2.Retrofit$Builder	build()	this	retrofit2.Retrofit$Builder	SOURCE
retrofit2.Retrofit$Builder	build()	platform	retrofit2.Retrofit$Builder	SOURCE
retrofit2.Retrofit$Builder	build()	callAdapterFactories	retrofit2.Retrofit$Builder	SOURCE
retrofit2.Retrofit$Builder	build()	this	retrofit2.Retrofit$Builder	SOURCE
retrofit2.Retrofit$Builder	build()	platform	retrofit2.Retrofit$Builder	SOURCE
retrofit2.Retrofit$Builder	build()	converterFactories	retrofit2.Retrofit$Builder	SOURCE
retrofit2.Retrofit$Builder	build()	this	retrofit2.Retrofit$Builder	SOURCE
retrofit2.Retrofit$Builder	build()	platform	retrofit2.Retrofit$Builder	SOURCE
retrofit2.Retrofit$Builder	build()	converterFactories	retrofit2.Retrofit$Builder	SOURCE
retrofit2.Retrofit$Builder	build()	this	retrofit2.Retrofit$Builder	SOURCE
retrofit2.Retrofit$Builder	build()	platform	retrofit2.Retrofit$Builder	SOURCE
retrofit2.Retrofit$Builder	build()	baseUrl	retrofit2.Retrofit$Builder	SOURCE
retrofit2.Retrofit$Builder	build()	validateEagerly	retrofit2.Retrofit$Builder	SOURCE
retrofit2.Utils	getRawType(java.lang.reflect.Type)	class	java.lang.Object	SOURCE
retrofit2.Utils	getGenericSupertype(java.lang.reflect.Type,java.lang.Class<?>,java.lang.Class<?>)	length	Array	SOURCE
retrofit2.Utils	getGenericSupertype(java.lang.reflect.Type,java.lang.Class<?>,java.lang.Class<?>)	length	Array	SOURCE
retrofit2.Utils	getGenericSupertype(java.lang.reflect.Type,java.lang.Class<?>,java.lang.Class<?>)	class	java.lang.Object	SOURCE
retrofit2.Utils	indexOf(java.lang.Object[],java.lang.Object)	length	Array	SOURCE
retrofit2.Utils	resolve(java.lang.reflect.Type,java.lang.Class<?>,java.lang.reflect.Type)	length	Array	SOURCE
retrofit2.Utils	resolve(java.lang.reflect.Type,java.lang.Class<?>,java.lang.reflect.Type)	length	Array	SOURCE
retrofit2.Utils	resolve(java.lang.reflect.Type,java.lang.Class<?>,java.lang.reflect.Type)	length	Array	SOURCE
retrofit2.Utils	resolve(java.lang.reflect.Type,java.lang.Class<?>,java.lang.reflect.Type)	class	java.lang.Object	SOURCE
retrofit2.Utils	resolve(java.lang.reflect.Type,java.lang.Class<?>,java.lang.reflect.Type)	length	Array	SOURCE
retrofit2.Utils	resolve(java.lang.reflect.Type,java.lang.Class<?>,java.lang.reflect.Type)	EMPTY_TYPE_ARRAY	retrofit2.Utils	SOURCE
retrofit2.Utils	getParameterUpperBound(int,java.lang.reflect.ParameterizedType)	length	Array	SOURCE
retrofit2.Utils	getParameterUpperBound(int,java.lang.reflect.ParameterizedType)	length	Array	SOURCE
retrofit2.Utils$ParameterizedTypeImpl	ParameterizedTypeImpl(java.lang.reflect.Type,java.lang.reflect.Type,java.lang.reflect.Type...)	ownerType	retrofit2.Utils$ParameterizedTypeImpl	SOURCE
retrofit2.Utils$ParameterizedTypeImpl	ParameterizedTypeImpl(java.lang.reflect.Type,java.lang.reflect.Type,java.lang.reflect.Type...)	this	retrofit2.Utils$ParameterizedTypeImpl	SOURCE
retrofit2.Utils$ParameterizedTypeImpl	ParameterizedTypeImpl(java.lang.reflect.Type,java.lang.reflect.Type,java.lang.reflect.Type...)	rawType	retrofit2.Utils$ParameterizedTypeImpl	SOURCE
retrofit2.Utils$ParameterizedTypeImpl	ParameterizedTypeImpl(java.lang.reflect.Type,java.lang.reflect.Type,java.lang.reflect.Type...)	this	retrofit2.Utils$ParameterizedTypeImpl	SOURCE
retrofit2.Utils$ParameterizedTypeImpl	ParameterizedTypeImpl(java.lang.reflect.Type,java.lang.reflect.Type,java.lang.reflect.Type...)	typeArguments	retrofit2.Utils$ParameterizedTypeImpl	SOURCE
retrofit2.Utils$ParameterizedTypeImpl	ParameterizedTypeImpl(java.lang.reflect.Type,java.lang.reflect.Type,java.lang.reflect.Type...)	this	retrofit2.Utils$ParameterizedTypeImpl	SOURCE
retrofit2.Utils$ParameterizedTypeImpl	getActualTypeArguments()	typeArguments	retrofit2.Utils$ParameterizedTypeImpl	SOURCE
retrofit2.Utils$ParameterizedTypeImpl	getRawType()	rawType	retrofit2.Utils$ParameterizedTypeImpl	SOURCE
retrofit2.Utils$ParameterizedTypeImpl	getOwnerType()	ownerType	retrofit2.Utils$ParameterizedTypeImpl	SOURCE
retrofit2.Utils$ParameterizedTypeImpl	equals(java.lang.Object)	this	retrofit2.Utils$ParameterizedTypeImpl	SOURCE
retrofit2.Utils$ParameterizedTypeImpl	hashCode()	typeArguments	retrofit2.Utils$ParameterizedTypeImpl	SOURCE
retrofit2.Utils$ParameterizedTypeImpl	hashCode()	rawType	retrofit2.Utils$ParameterizedTypeImpl	SOURCE
retrofit2.Utils$ParameterizedTypeImpl	hashCode()	ownerType	retrofit2.Utils$ParameterizedTypeImpl	SOURCE
retrofit2.Utils$ParameterizedTypeImpl	hashCode()	ownerType	retrofit2.Utils$ParameterizedTypeImpl	SOURCE
retrofit2.Utils$ParameterizedTypeImpl	toString()	length	Array	SOURCE
retrofit2.Utils$ParameterizedTypeImpl	toString()	typeArguments	retrofit2.Utils$ParameterizedTypeImpl	SOURCE
retrofit2.Utils$ParameterizedTypeImpl	toString()	rawType	retrofit2.Utils$ParameterizedTypeImpl	SOURCE
retrofit2.Utils$ParameterizedTypeImpl	toString()	length	Array	SOURCE
retrofit2.Utils$ParameterizedTypeImpl	toString()	typeArguments	retrofit2.Utils$ParameterizedTypeImpl	SOURCE
retrofit2.Utils$ParameterizedTypeImpl	toString()	rawType	retrofit2.Utils$ParameterizedTypeImpl	SOURCE
retrofit2.Utils$ParameterizedTypeImpl	toString()	typeArguments	retrofit2.Utils$ParameterizedTypeImpl	SOURCE
retrofit2.Utils$ParameterizedTypeImpl	toString()	length	Array	SOURCE
retrofit2.Utils$ParameterizedTypeImpl	toString()	typeArguments	retrofit2.Utils$ParameterizedTypeImpl	SOURCE
retrofit2.Utils$ParameterizedTypeImpl	toString()	typeArguments	retrofit2.Utils$ParameterizedTypeImpl	SOURCE
retrofit2.Utils$GenericArrayTypeImpl	GenericArrayTypeImpl(java.lang.reflect.Type)	componentType	retrofit2.Utils$GenericArrayTypeImpl	SOURCE
retrofit2.Utils$GenericArrayTypeImpl	GenericArrayTypeImpl(java.lang.reflect.Type)	this	retrofit2.Utils$GenericArrayTypeImpl	SOURCE
retrofit2.Utils$GenericArrayTypeImpl	getGenericComponentType()	componentType	retrofit2.Utils$GenericArrayTypeImpl	SOURCE
retrofit2.Utils$GenericArrayTypeImpl	equals(java.lang.Object)	this	retrofit2.Utils$GenericArrayTypeImpl	SOURCE
retrofit2.Utils$GenericArrayTypeImpl	hashCode()	componentType	retrofit2.Utils$GenericArrayTypeImpl	SOURCE
retrofit2.Utils$GenericArrayTypeImpl	toString()	componentType	retrofit2.Utils$GenericArrayTypeImpl	SOURCE
retrofit2.Utils$WildcardTypeImpl	WildcardTypeImpl(java.lang.reflect.Type[],java.lang.reflect.Type[])	length	Array	SOURCE
retrofit2.Utils$WildcardTypeImpl	WildcardTypeImpl(java.lang.reflect.Type[],java.lang.reflect.Type[])	length	Array	SOURCE
retrofit2.Utils$WildcardTypeImpl	WildcardTypeImpl(java.lang.reflect.Type[],java.lang.reflect.Type[])	length	Array	SOURCE
retrofit2.Utils$WildcardTypeImpl	WildcardTypeImpl(java.lang.reflect.Type[],java.lang.reflect.Type[])	class	java.lang.Object	SOURCE
retrofit2.Utils$WildcardTypeImpl	WildcardTypeImpl(java.lang.reflect.Type[],java.lang.reflect.Type[])	lowerBound	retrofit2.Utils$WildcardTypeImpl	SOURCE
retrofit2.Utils$WildcardTypeImpl	WildcardTypeImpl(java.lang.reflect.Type[],java.lang.reflect.Type[])	this	retrofit2.Utils$WildcardTypeImpl	SOURCE
retrofit2.Utils$WildcardTypeImpl	WildcardTypeImpl(java.lang.reflect.Type[],java.lang.reflect.Type[])	upperBound	retrofit2.Utils$WildcardTypeImpl	SOURCE
retrofit2.Utils$WildcardTypeImpl	WildcardTypeImpl(java.lang.reflect.Type[],java.lang.reflect.Type[])	this	retrofit2.Utils$WildcardTypeImpl	SOURCE
retrofit2.Utils$WildcardTypeImpl	WildcardTypeImpl(java.lang.reflect.Type[],java.lang.reflect.Type[])	class	java.lang.Object	SOURCE
retrofit2.Utils$WildcardTypeImpl	WildcardTypeImpl(java.lang.reflect.Type[],java.lang.reflect.Type[])	lowerBound	retrofit2.Utils$WildcardTypeImpl	SOURCE
retrofit2.Utils$WildcardTypeImpl	WildcardTypeImpl(java.lang.reflect.Type[],java.lang.reflect.Type[])	this	retrofit2.Utils$WildcardTypeImpl	SOURCE
retrofit2.Utils$WildcardTypeImpl	WildcardTypeImpl(java.lang.reflect.Type[],java.lang.reflect.Type[])	upperBound	retrofit2.Utils$WildcardTypeImpl	SOURCE
retrofit2.Utils$WildcardTypeImpl	WildcardTypeImpl(java.lang.reflect.Type[],java.lang.reflect.Type[])	this	retrofit2.Utils$WildcardTypeImpl	SOURCE
retrofit2.Utils$WildcardTypeImpl	getUpperBounds()	upperBound	retrofit2.Utils$WildcardTypeImpl	SOURCE
retrofit2.Utils$WildcardTypeImpl	getLowerBounds()	lowerBound	retrofit2.Utils$WildcardTypeImpl	SOURCE
retrofit2.Utils$WildcardTypeImpl	getLowerBounds()	lowerBound	retrofit2.Utils$WildcardTypeImpl	SOURCE
retrofit2.Utils$WildcardTypeImpl	getLowerBounds()	EMPTY_TYPE_ARRAY	retrofit2.Utils	SOURCE
retrofit2.Utils$WildcardTypeImpl	equals(java.lang.Object)	this	retrofit2.Utils$WildcardTypeImpl	SOURCE
retrofit2.Utils$WildcardTypeImpl	hashCode()	lowerBound	retrofit2.Utils$WildcardTypeImpl	SOURCE
retrofit2.Utils$WildcardTypeImpl	hashCode()	lowerBound	retrofit2.Utils$WildcardTypeImpl	SOURCE
retrofit2.Utils$WildcardTypeImpl	hashCode()	upperBound	retrofit2.Utils$WildcardTypeImpl	SOURCE
retrofit2.Utils$WildcardTypeImpl	toString()	lowerBound	retrofit2.Utils$WildcardTypeImpl	SOURCE
retrofit2.Utils$WildcardTypeImpl	toString()	lowerBound	retrofit2.Utils$WildcardTypeImpl	SOURCE
retrofit2.Utils$WildcardTypeImpl	toString()	upperBound	retrofit2.Utils$WildcardTypeImpl	SOURCE
retrofit2.Utils$WildcardTypeImpl	toString()	class	java.lang.Object	SOURCE
retrofit2.Utils$WildcardTypeImpl	toString()	upperBound	retrofit2.Utils$WildcardTypeImpl	SOURCE
retrofit2.ServiceMethod	<T>parseAnnotations(retrofit2.Retrofit,java.lang.reflect.Method)	class	null	SOURCE
retrofit2.Platform	get()	PLATFORM	retrofit2.Platform	SOURCE
retrofit2.Platform	Platform(boolean)	hasJava8Types	retrofit2.Platform	SOURCE
retrofit2.Platform	Platform(boolean)	this	retrofit2.Platform	SOURCE
retrofit2.Platform	Platform(boolean)	class	java.lang.invoke.MethodHandles$Lookup	SOURCE
retrofit2.Platform	Platform(boolean)	class	java.lang.Class	SOURCE
retrofit2.Platform	Platform(boolean)	class	null	SOURCE
retrofit2.Platform	Platform(boolean)	lookupConstructor	retrofit2.Platform	SOURCE
retrofit2.Platform	Platform(boolean)	this	retrofit2.Platform	SOURCE
retrofit2.Platform	defaultCallAdapterFactories(java.util.concurrent.Executor)	hasJava8Types	retrofit2.Platform	SOURCE
retrofit2.Platform	defaultCallAdapterFactories(java.util.concurrent.Executor)	INSTANCE	retrofit2.CompletableFutureCallAdapterFactory	SOURCE
retrofit2.Platform	defaultCallAdapterFactoriesSize()	hasJava8Types	retrofit2.Platform	SOURCE
retrofit2.Platform	defaultConverterFactories()	hasJava8Types	retrofit2.Platform	SOURCE
retrofit2.Platform	defaultConverterFactories()	INSTANCE	retrofit2.OptionalConverterFactory	SOURCE
retrofit2.Platform	defaultConverterFactoriesSize()	hasJava8Types	retrofit2.Platform	SOURCE
retrofit2.Platform	isDefaultMethod(java.lang.reflect.Method)	hasJava8Types	retrofit2.Platform	SOURCE
retrofit2.Platform	invokeDefaultMethod(java.lang.reflect.Method,java.lang.Class<?>,java.lang.Object,java.lang.Object...)	lookupConstructor	retrofit2.Platform	SOURCE
retrofit2.Platform	invokeDefaultMethod(java.lang.reflect.Method,java.lang.Class<?>,java.lang.Object,java.lang.Object...)	lookupConstructor	retrofit2.Platform	SOURCE
retrofit2.Platform$Android	Android()	SDK_INT	android.os.Build$VERSION	SOURCE
retrofit2.Platform$Android	invokeDefaultMethod(java.lang.reflect.Method,java.lang.Class<?>,java.lang.Object,java.lang.Object...)	SDK_INT	android.os.Build$VERSION	SOURCE
retrofit2.Platform$Android	invokeDefaultMethod(java.lang.reflect.Method,java.lang.Class<?>,java.lang.Object,java.lang.Object...)	super	retrofit2.Platform$Android	SOURCE
retrofit2.Platform$Android$MainThreadExecutor	execute(java.lang.Runnable)	handler	retrofit2.Platform$Android$MainThreadExecutor	SOURCE
retrofit2.OkHttpCall	OkHttpCall(retrofit2.RequestFactory,java.lang.Object[],okhttp3.Call.Factory,retrofit2.Converter<okhttp3.ResponseBody,T>)	requestFactory	retrofit2.OkHttpCall	SOURCE
retrofit2.OkHttpCall	OkHttpCall(retrofit2.RequestFactory,java.lang.Object[],okhttp3.Call.Factory,retrofit2.Converter<okhttp3.ResponseBody,T>)	this	retrofit2.OkHttpCall	SOURCE
retrofit2.OkHttpCall	OkHttpCall(retrofit2.RequestFactory,java.lang.Object[],okhttp3.Call.Factory,retrofit2.Converter<okhttp3.ResponseBody,T>)	args	retrofit2.OkHttpCall	SOURCE
retrofit2.OkHttpCall	OkHttpCall(retrofit2.RequestFactory,java.lang.Object[],okhttp3.Call.Factory,retrofit2.Converter<okhttp3.ResponseBody,T>)	this	retrofit2.OkHttpCall	SOURCE
retrofit2.OkHttpCall	OkHttpCall(retrofit2.RequestFactory,java.lang.Object[],okhttp3.Call.Factory,retrofit2.Converter<okhttp3.ResponseBody,T>)	callFactory	retrofit2.OkHttpCall	SOURCE
retrofit2.OkHttpCall	OkHttpCall(retrofit2.RequestFactory,java.lang.Object[],okhttp3.Call.Factory,retrofit2.Converter<okhttp3.ResponseBody,T>)	this	retrofit2.OkHttpCall	SOURCE
retrofit2.OkHttpCall	OkHttpCall(retrofit2.RequestFactory,java.lang.Object[],okhttp3.Call.Factory,retrofit2.Converter<okhttp3.ResponseBody,T>)	responseConverter	retrofit2.OkHttpCall	SOURCE
retrofit2.OkHttpCall	OkHttpCall(retrofit2.RequestFactory,java.lang.Object[],okhttp3.Call.Factory,retrofit2.Converter<okhttp3.ResponseBody,T>)	this	retrofit2.OkHttpCall	SOURCE
retrofit2.OkHttpCall	clone()	requestFactory	retrofit2.OkHttpCall	SOURCE
retrofit2.OkHttpCall	clone()	args	retrofit2.OkHttpCall	SOURCE
retrofit2.OkHttpCall	clone()	callFactory	retrofit2.OkHttpCall	SOURCE
retrofit2.OkHttpCall	clone()	responseConverter	retrofit2.OkHttpCall	SOURCE
retrofit2.OkHttpCall	getRawCall()	rawCall	retrofit2.OkHttpCall	SOURCE
retrofit2.OkHttpCall	getRawCall()	rawCall	retrofit2.OkHttpCall	SOURCE
retrofit2.OkHttpCall	getRawCall()	creationFailure	retrofit2.OkHttpCall	SOURCE
retrofit2.OkHttpCall	getRawCall()	creationFailure	retrofit2.OkHttpCall	SOURCE
retrofit2.OkHttpCall	getRawCall()	creationFailure	retrofit2.OkHttpCall	SOURCE
retrofit2.OkHttpCall	getRawCall()	creationFailure	retrofit2.OkHttpCall	SOURCE
retrofit2.OkHttpCall	getRawCall()	creationFailure	retrofit2.OkHttpCall	SOURCE
retrofit2.OkHttpCall	getRawCall()	creationFailure	retrofit2.OkHttpCall	SOURCE
retrofit2.OkHttpCall	getRawCall()	rawCall	retrofit2.OkHttpCall	SOURCE
retrofit2.OkHttpCall	getRawCall()	creationFailure	retrofit2.OkHttpCall	SOURCE
retrofit2.OkHttpCall	enqueue(retrofit2.Callback<T>)	this	retrofit2.OkHttpCall	SOURCE
retrofit2.OkHttpCall	enqueue(retrofit2.Callback<T>)	executed	retrofit2.OkHttpCall	SOURCE
retrofit2.OkHttpCall	enqueue(retrofit2.Callback<T>)	executed	retrofit2.OkHttpCall	SOURCE
retrofit2.OkHttpCall	enqueue(retrofit2.Callback<T>)	rawCall	retrofit2.OkHttpCall	SOURCE
retrofit2.OkHttpCall	enqueue(retrofit2.Callback<T>)	creationFailure	retrofit2.OkHttpCall	SOURCE
retrofit2.OkHttpCall	enqueue(retrofit2.Callback<T>)	rawCall	retrofit2.OkHttpCall	SOURCE
retrofit2.OkHttpCall	enqueue(retrofit2.Callback<T>)	creationFailure	retrofit2.OkHttpCall	SOURCE
retrofit2.OkHttpCall	enqueue(retrofit2.Callback<T>)	this	retrofit2.OkHttpCall	SOURCE
retrofit2.OkHttpCall	enqueue(retrofit2.Callback<T>)	canceled	retrofit2.OkHttpCall	SOURCE
retrofit2.OkHttpCall$1	onResponse(okhttp3.Call,okhttp3.Response)	this	retrofit2.OkHttpCall	SOURCE
retrofit2.OkHttpCall$1	callFailure(java.lang.Throwable)	this	retrofit2.OkHttpCall	SOURCE
retrofit2.OkHttpCall	isExecuted()	executed	retrofit2.OkHttpCall	SOURCE
retrofit2.OkHttpCall	execute()	this	retrofit2.OkHttpCall	SOURCE
retrofit2.OkHttpCall	execute()	executed	retrofit2.OkHttpCall	SOURCE
retrofit2.OkHttpCall	execute()	executed	retrofit2.OkHttpCall	SOURCE
retrofit2.OkHttpCall	execute()	canceled	retrofit2.OkHttpCall	SOURCE
retrofit2.OkHttpCall	createRawCall()	callFactory	retrofit2.OkHttpCall	SOURCE
retrofit2.OkHttpCall	createRawCall()	requestFactory	retrofit2.OkHttpCall	SOURCE
retrofit2.OkHttpCall	createRawCall()	args	retrofit2.OkHttpCall	SOURCE
retrofit2.OkHttpCall	parseResponse(okhttp3.Response)	responseConverter	retrofit2.OkHttpCall	SOURCE
retrofit2.OkHttpCall	cancel()	canceled	retrofit2.OkHttpCall	SOURCE
retrofit2.OkHttpCall	cancel()	this	retrofit2.OkHttpCall	SOURCE
retrofit2.OkHttpCall	cancel()	rawCall	retrofit2.OkHttpCall	SOURCE
retrofit2.OkHttpCall	isCanceled()	canceled	retrofit2.OkHttpCall	SOURCE
retrofit2.OkHttpCall	isCanceled()	this	retrofit2.OkHttpCall	SOURCE
retrofit2.OkHttpCall	isCanceled()	rawCall	retrofit2.OkHttpCall	SOURCE
retrofit2.OkHttpCall	isCanceled()	rawCall	retrofit2.OkHttpCall	SOURCE
retrofit2.OkHttpCall$NoContentResponseBody	NoContentResponseBody(okhttp3.MediaType,long)	contentType	retrofit2.OkHttpCall$NoContentResponseBody	SOURCE
retrofit2.OkHttpCall$NoContentResponseBody	NoContentResponseBody(okhttp3.MediaType,long)	this	retrofit2.OkHttpCall$NoContentResponseBody	SOURCE
retrofit2.OkHttpCall$NoContentResponseBody	NoContentResponseBody(okhttp3.MediaType,long)	contentLength	retrofit2.OkHttpCall$NoContentResponseBody	SOURCE
retrofit2.OkHttpCall$NoContentResponseBody	NoContentResponseBody(okhttp3.MediaType,long)	this	retrofit2.OkHttpCall$NoContentResponseBody	SOURCE
retrofit2.OkHttpCall$NoContentResponseBody	contentType()	contentType	retrofit2.OkHttpCall$NoContentResponseBody	SOURCE
retrofit2.OkHttpCall$NoContentResponseBody	contentLength()	contentLength	retrofit2.OkHttpCall$NoContentResponseBody	SOURCE
retrofit2.OkHttpCall$ExceptionCatchingResponseBody	ExceptionCatchingResponseBody(okhttp3.ResponseBody)	delegate	retrofit2.OkHttpCall$ExceptionCatchingResponseBody	SOURCE
retrofit2.OkHttpCall$ExceptionCatchingResponseBody	ExceptionCatchingResponseBody(okhttp3.ResponseBody)	this	retrofit2.OkHttpCall$ExceptionCatchingResponseBody	SOURCE
retrofit2.OkHttpCall$ExceptionCatchingResponseBody	ExceptionCatchingResponseBody(okhttp3.ResponseBody)	delegateSource	retrofit2.OkHttpCall$ExceptionCatchingResponseBody	SOURCE
retrofit2.OkHttpCall$ExceptionCatchingResponseBody	ExceptionCatchingResponseBody(okhttp3.ResponseBody)	this	retrofit2.OkHttpCall$ExceptionCatchingResponseBody	SOURCE
retrofit2.OkHttpCall$ExceptionCatchingResponseBody$1	read(okio.Buffer,long)	super	retrofit2.OkHttpCall$ExceptionCatchingResponseBody$1	SOURCE
retrofit2.OkHttpCall$ExceptionCatchingResponseBody$1	read(okio.Buffer,long)	thrownException	retrofit2.OkHttpCall$ExceptionCatchingResponseBody	SOURCE
retrofit2.OkHttpCall$ExceptionCatchingResponseBody	contentType()	delegate	retrofit2.OkHttpCall$ExceptionCatchingResponseBody	SOURCE
retrofit2.OkHttpCall$ExceptionCatchingResponseBody	contentLength()	delegate	retrofit2.OkHttpCall$ExceptionCatchingResponseBody	SOURCE
retrofit2.OkHttpCall$ExceptionCatchingResponseBody	source()	delegateSource	retrofit2.OkHttpCall$ExceptionCatchingResponseBody	SOURCE
retrofit2.OkHttpCall$ExceptionCatchingResponseBody	close()	delegate	retrofit2.OkHttpCall$ExceptionCatchingResponseBody	SOURCE
retrofit2.OkHttpCall$ExceptionCatchingResponseBody	throwIfCaught()	thrownException	retrofit2.OkHttpCall$ExceptionCatchingResponseBody	SOURCE
retrofit2.OkHttpCall$ExceptionCatchingResponseBody	throwIfCaught()	thrownException	retrofit2.OkHttpCall$ExceptionCatchingResponseBody	SOURCE
retrofit2.RequestFactory	RequestFactory(retrofit2.RequestFactory.Builder)	method	retrofit2.RequestFactory	SOURCE
retrofit2.RequestFactory	RequestFactory(retrofit2.RequestFactory.Builder)	method	retrofit2.RequestFactory$Builder	SOURCE
retrofit2.RequestFactory	RequestFactory(retrofit2.RequestFactory.Builder)	baseUrl	retrofit2.RequestFactory	SOURCE
retrofit2.RequestFactory	RequestFactory(retrofit2.RequestFactory.Builder)	baseUrl	retrofit2.Retrofit	SOURCE
retrofit2.RequestFactory	RequestFactory(retrofit2.RequestFactory.Builder)	retrofit	retrofit2.RequestFactory$Builder	SOURCE
retrofit2.RequestFactory	RequestFactory(retrofit2.RequestFactory.Builder)	httpMethod	retrofit2.RequestFactory	SOURCE
retrofit2.RequestFactory	RequestFactory(retrofit2.RequestFactory.Builder)	httpMethod	retrofit2.RequestFactory$Builder	SOURCE
retrofit2.RequestFactory	RequestFactory(retrofit2.RequestFactory.Builder)	relativeUrl	retrofit2.RequestFactory	SOURCE
retrofit2.RequestFactory	RequestFactory(retrofit2.RequestFactory.Builder)	relativeUrl	retrofit2.RequestFactory$Builder	SOURCE
retrofit2.RequestFactory	RequestFactory(retrofit2.RequestFactory.Builder)	headers	retrofit2.RequestFactory	SOURCE
retrofit2.RequestFactory	RequestFactory(retrofit2.RequestFactory.Builder)	headers	retrofit2.RequestFactory$Builder	SOURCE
retrofit2.RequestFactory	RequestFactory(retrofit2.RequestFactory.Builder)	contentType	retrofit2.RequestFactory	SOURCE
retrofit2.RequestFactory	RequestFactory(retrofit2.RequestFactory.Builder)	contentType	retrofit2.RequestFactory$Builder	SOURCE
retrofit2.RequestFactory	RequestFactory(retrofit2.RequestFactory.Builder)	hasBody	retrofit2.RequestFactory	SOURCE
retrofit2.RequestFactory	RequestFactory(retrofit2.RequestFactory.Builder)	hasBody	retrofit2.RequestFactory$Builder	SOURCE
retrofit2.RequestFactory	RequestFactory(retrofit2.RequestFactory.Builder)	isFormEncoded	retrofit2.RequestFactory	SOURCE
retrofit2.RequestFactory	RequestFactory(retrofit2.RequestFactory.Builder)	isFormEncoded	retrofit2.RequestFactory$Builder	SOURCE
retrofit2.RequestFactory	RequestFactory(retrofit2.RequestFactory.Builder)	isMultipart	retrofit2.RequestFactory	SOURCE
retrofit2.RequestFactory	RequestFactory(retrofit2.RequestFactory.Builder)	isMultipart	retrofit2.RequestFactory$Builder	SOURCE
retrofit2.RequestFactory	RequestFactory(retrofit2.RequestFactory.Builder)	parameterHandlers	retrofit2.RequestFactory	SOURCE
retrofit2.RequestFactory	RequestFactory(retrofit2.RequestFactory.Builder)	parameterHandlers	retrofit2.RequestFactory$Builder	SOURCE
retrofit2.RequestFactory	RequestFactory(retrofit2.RequestFactory.Builder)	isKotlinSuspendFunction	retrofit2.RequestFactory	SOURCE
retrofit2.RequestFactory	RequestFactory(retrofit2.RequestFactory.Builder)	isKotlinSuspendFunction	retrofit2.RequestFactory$Builder	SOURCE
retrofit2.RequestFactory	create(java.lang.Object[])	parameterHandlers	retrofit2.RequestFactory	SOURCE
retrofit2.RequestFactory	create(java.lang.Object[])	length	Array	SOURCE
retrofit2.RequestFactory	create(java.lang.Object[])	length	Array	SOURCE
retrofit2.RequestFactory	create(java.lang.Object[])	length	Array	SOURCE
retrofit2.RequestFactory	create(java.lang.Object[])	length	Array	SOURCE
retrofit2.RequestFactory	create(java.lang.Object[])	httpMethod	retrofit2.RequestFactory	SOURCE
retrofit2.RequestFactory	create(java.lang.Object[])	baseUrl	retrofit2.RequestFactory	SOURCE
retrofit2.RequestFactory	create(java.lang.Object[])	relativeUrl	retrofit2.RequestFactory	SOURCE
retrofit2.RequestFactory	create(java.lang.Object[])	headers	retrofit2.RequestFactory	SOURCE
retrofit2.RequestFactory	create(java.lang.Object[])	contentType	retrofit2.RequestFactory	SOURCE
retrofit2.RequestFactory	create(java.lang.Object[])	hasBody	retrofit2.RequestFactory	SOURCE
retrofit2.RequestFactory	create(java.lang.Object[])	isFormEncoded	retrofit2.RequestFactory	SOURCE
retrofit2.RequestFactory	create(java.lang.Object[])	isMultipart	retrofit2.RequestFactory	SOURCE
retrofit2.RequestFactory	create(java.lang.Object[])	isKotlinSuspendFunction	retrofit2.RequestFactory	SOURCE
retrofit2.RequestFactory	create(java.lang.Object[])	class	retrofit2.Invocation	SOURCE
retrofit2.RequestFactory	create(java.lang.Object[])	method	retrofit2.RequestFactory	SOURCE
retrofit2.RequestFactory$Builder	PARAM	PARAM	retrofit2.RequestFactory$Builder	SOURCE
retrofit2.RequestFactory$Builder	PARAM	PARAM	retrofit2.RequestFactory$Builder	SOURCE
retrofit2.RequestFactory$Builder	Builder(retrofit2.Retrofit,java.lang.reflect.Method)	retrofit	retrofit2.RequestFactory$Builder	SOURCE
retrofit2.RequestFactory$Builder	Builder(retrofit2.Retrofit,java.lang.reflect.Method)	this	retrofit2.RequestFactory$Builder	SOURCE
retrofit2.RequestFactory$Builder	Builder(retrofit2.Retrofit,java.lang.reflect.Method)	method	retrofit2.RequestFactory$Builder	SOURCE
retrofit2.RequestFactory$Builder	Builder(retrofit2.Retrofit,java.lang.reflect.Method)	this	retrofit2.RequestFactory$Builder	SOURCE
retrofit2.RequestFactory$Builder	Builder(retrofit2.Retrofit,java.lang.reflect.Method)	methodAnnotations	retrofit2.RequestFactory$Builder	SOURCE
retrofit2.RequestFactory$Builder	Builder(retrofit2.Retrofit,java.lang.reflect.Method)	this	retrofit2.RequestFactory$Builder	SOURCE
retrofit2.RequestFactory$Builder	Builder(retrofit2.Retrofit,java.lang.reflect.Method)	parameterTypes	retrofit2.RequestFactory$Builder	SOURCE
retrofit2.RequestFactory$Builder	Builder(retrofit2.Retrofit,java.lang.reflect.Method)	this	retrofit2.RequestFactory$Builder	SOURCE
retrofit2.RequestFactory$Builder	Builder(retrofit2.Retrofit,java.lang.reflect.Method)	parameterAnnotationsArray	retrofit2.RequestFactory$Builder	SOURCE
retrofit2.RequestFactory$Builder	Builder(retrofit2.Retrofit,java.lang.reflect.Method)	this	retrofit2.RequestFactory$Builder	SOURCE
retrofit2.RequestFactory$Builder	build()	methodAnnotations	retrofit2.RequestFactory$Builder	SOURCE
retrofit2.RequestFactory$Builder	build()	httpMethod	retrofit2.RequestFactory$Builder	SOURCE
retrofit2.RequestFactory$Builder	build()	method	retrofit2.RequestFactory$Builder	SOURCE
retrofit2.RequestFactory$Builder	build()	hasBody	retrofit2.RequestFactory$Builder	SOURCE
retrofit2.RequestFactory$Builder	build()	isMultipart	retrofit2.RequestFactory$Builder	SOURCE
retrofit2.RequestFactory$Builder	build()	method	retrofit2.RequestFactory$Builder	SOURCE
retrofit2.RequestFactory$Builder	build()	isFormEncoded	retrofit2.RequestFactory$Builder	SOURCE
retrofit2.RequestFactory$Builder	build()	method	retrofit2.RequestFactory$Builder	SOURCE
retrofit2.RequestFactory$Builder	build()	length	Array	SOURCE
retrofit2.RequestFactory$Builder	build()	length	Array	SOURCE
retrofit2.RequestFactory$Builder	build()	parameterAnnotationsArray	retrofit2.RequestFactory$Builder	SOURCE
retrofit2.RequestFactory$Builder	build()	parameterHandlers	retrofit2.RequestFactory$Builder	SOURCE
retrofit2.RequestFactory$Builder	build()	parameterHandlers	retrofit2.RequestFactory$Builder	SOURCE
retrofit2.RequestFactory$Builder	build()	parameterTypes	retrofit2.RequestFactory$Builder	SOURCE
retrofit2.RequestFactory$Builder	build()	parameterAnnotationsArray	retrofit2.RequestFactory$Builder	SOURCE
retrofit2.RequestFactory$Builder	build()	relativeUrl	retrofit2.RequestFactory$Builder	SOURCE
retrofit2.RequestFactory$Builder	build()	gotUrl	retrofit2.RequestFactory$Builder	SOURCE
retrofit2.RequestFactory$Builder	build()	method	retrofit2.RequestFactory$Builder	SOURCE
retrofit2.RequestFactory$Builder	build()	httpMethod	retrofit2.RequestFactory$Builder	SOURCE
retrofit2.RequestFactory$Builder	build()	isFormEncoded	retrofit2.RequestFactory$Builder	SOURCE
retrofit2.RequestFactory$Builder	build()	isMultipart	retrofit2.RequestFactory$Builder	SOURCE
retrofit2.RequestFactory$Builder	build()	hasBody	retrofit2.RequestFactory$Builder	SOURCE
retrofit2.RequestFactory$Builder	build()	gotBody	retrofit2.RequestFactory$Builder	SOURCE
retrofit2.RequestFactory$Builder	build()	method	retrofit2.RequestFactory$Builder	SOURCE
retrofit2.RequestFactory$Builder	build()	isFormEncoded	retrofit2.RequestFactory$Builder	SOURCE
retrofit2.RequestFactory$Builder	build()	gotField	retrofit2.RequestFactory$Builder	SOURCE
retrofit2.RequestFactory$Builder	build()	method	retrofit2.RequestFactory$Builder	SOURCE
retrofit2.RequestFactory$Builder	build()	isMultipart	retrofit2.RequestFactory$Builder	SOURCE
retrofit2.RequestFactory$Builder	build()	gotPart	retrofit2.RequestFactory$Builder	SOURCE
retrofit2.RequestFactory$Builder	build()	method	retrofit2.RequestFactory$Builder	SOURCE
retrofit2.RequestFactory$Builder	build()	this	retrofit2.RequestFactory$Builder	SOURCE
retrofit2.RequestFactory$Builder	parseMethodAnnotation(java.lang.annotation.Annotation)	length	Array	SOURCE
retrofit2.RequestFactory$Builder	parseMethodAnnotation(java.lang.annotation.Annotation)	method	retrofit2.RequestFactory$Builder	SOURCE
retrofit2.RequestFactory$Builder	parseMethodAnnotation(java.lang.annotation.Annotation)	headers	retrofit2.RequestFactory$Builder	SOURCE
retrofit2.RequestFactory$Builder	parseMethodAnnotation(java.lang.annotation.Annotation)	isFormEncoded	retrofit2.RequestFactory$Builder	SOURCE
retrofit2.RequestFactory$Builder	parseMethodAnnotation(java.lang.annotation.Annotation)	method	retrofit2.RequestFactory$Builder	SOURCE
retrofit2.RequestFactory$Builder	parseMethodAnnotation(java.lang.annotation.Annotation)	isMultipart	retrofit2.RequestFactory$Builder	SOURCE
retrofit2.RequestFactory$Builder	parseMethodAnnotation(java.lang.annotation.Annotation)	isMultipart	retrofit2.RequestFactory$Builder	SOURCE
retrofit2.RequestFactory$Builder	parseMethodAnnotation(java.lang.annotation.Annotation)	method	retrofit2.RequestFactory$Builder	SOURCE
retrofit2.RequestFactory$Builder	parseMethodAnnotation(java.lang.annotation.Annotation)	isFormEncoded	retrofit2.RequestFactory$Builder	SOURCE
retrofit2.RequestFactory$Builder	parseHttpMethodAndPath(java.lang.String,java.lang.String,boolean)	httpMethod	retrofit2.RequestFactory$Builder	SOURCE
retrofit2.RequestFactory$Builder	parseHttpMethodAndPath(java.lang.String,java.lang.String,boolean)	this	retrofit2.RequestFactory$Builder	SOURCE
retrofit2.RequestFactory$Builder	parseHttpMethodAndPath(java.lang.String,java.lang.String,boolean)	method	retrofit2.RequestFactory$Builder	SOURCE
retrofit2.RequestFactory$Builder	parseHttpMethodAndPath(java.lang.String,java.lang.String,boolean)	httpMethod	retrofit2.RequestFactory$Builder	SOURCE
retrofit2.RequestFactory$Builder	parseHttpMethodAndPath(java.lang.String,java.lang.String,boolean)	this	retrofit2.RequestFactory$Builder	SOURCE
retrofit2.RequestFactory$Builder	parseHttpMethodAndPath(java.lang.String,java.lang.String,boolean)	httpMethod	retrofit2.RequestFactory$Builder	SOURCE
retrofit2.RequestFactory$Builder	parseHttpMethodAndPath(java.lang.String,java.lang.String,boolean)	this	retrofit2.RequestFactory$Builder	SOURCE
retrofit2.RequestFactory$Builder	parseHttpMethodAndPath(java.lang.String,java.lang.String,boolean)	hasBody	retrofit2.RequestFactory$Builder	SOURCE
retrofit2.RequestFactory$Builder	parseHttpMethodAndPath(java.lang.String,java.lang.String,boolean)	this	retrofit2.RequestFactory$Builder	SOURCE
retrofit2.RequestFactory$Builder	parseHttpMethodAndPath(java.lang.String,java.lang.String,boolean)	PARAM_URL_REGEX	retrofit2.RequestFactory$Builder	SOURCE
retrofit2.RequestFactory$Builder	parseHttpMethodAndPath(java.lang.String,java.lang.String,boolean)	method	retrofit2.RequestFactory$Builder	SOURCE
retrofit2.RequestFactory$Builder	parseHttpMethodAndPath(java.lang.String,java.lang.String,boolean)	relativeUrl	retrofit2.RequestFactory$Builder	SOURCE
retrofit2.RequestFactory$Builder	parseHttpMethodAndPath(java.lang.String,java.lang.String,boolean)	this	retrofit2.RequestFactory$Builder	SOURCE
retrofit2.RequestFactory$Builder	parseHttpMethodAndPath(java.lang.String,java.lang.String,boolean)	relativeUrlParamNames	retrofit2.RequestFactory$Builder	SOURCE
retrofit2.RequestFactory$Builder	parseHttpMethodAndPath(java.lang.String,java.lang.String,boolean)	this	retrofit2.RequestFactory$Builder	SOURCE
retrofit2.RequestFactory$Builder	parseHeaders(java.lang.String[])	method	retrofit2.RequestFactory$Builder	SOURCE
retrofit2.RequestFactory$Builder	parseHeaders(java.lang.String[])	contentType	retrofit2.RequestFactory$Builder	SOURCE
retrofit2.RequestFactory$Builder	parseHeaders(java.lang.String[])	method	retrofit2.RequestFactory$Builder	SOURCE
retrofit2.RequestFactory$Builder	parseParameter(int,java.lang.reflect.Type,java.lang.annotation.Annotation[],boolean)	method	retrofit2.RequestFactory$Builder	SOURCE
retrofit2.RequestFactory$Builder	parseParameter(int,java.lang.reflect.Type,java.lang.annotation.Annotation[],boolean)	class	kotlin.coroutines.Continuation	SOURCE
retrofit2.RequestFactory$Builder	parseParameter(int,java.lang.reflect.Type,java.lang.annotation.Annotation[],boolean)	isKotlinSuspendFunction	retrofit2.RequestFactory$Builder	SOURCE
retrofit2.RequestFactory$Builder	parseParameter(int,java.lang.reflect.Type,java.lang.annotation.Annotation[],boolean)	method	retrofit2.RequestFactory$Builder	SOURCE
retrofit2.RequestFactory$Builder	parseParameterAnnotation(int,java.lang.reflect.Type,java.lang.annotation.Annotation[],java.lang.annotation.Annotation)	gotUrl	retrofit2.RequestFactory$Builder	SOURCE
retrofit2.RequestFactory$Builder	parseParameterAnnotation(int,java.lang.reflect.Type,java.lang.annotation.Annotation[],java.lang.annotation.Annotation)	method	retrofit2.RequestFactory$Builder	SOURCE
retrofit2.RequestFactory$Builder	parseParameterAnnotation(int,java.lang.reflect.Type,java.lang.annotation.Annotation[],java.lang.annotation.Annotation)	gotPath	retrofit2.RequestFactory$Builder	SOURCE
retrofit2.RequestFactory$Builder	parseParameterAnnotation(int,java.lang.reflect.Type,java.lang.annotation.Annotation[],java.lang.annotation.Annotation)	method	retrofit2.RequestFactory$Builder	SOURCE
retrofit2.RequestFactory$Builder	parseParameterAnnotation(int,java.lang.reflect.Type,java.lang.annotation.Annotation[],java.lang.annotation.Annotation)	gotQuery	retrofit2.RequestFactory$Builder	SOURCE
retrofit2.RequestFactory$Builder	parseParameterAnnotation(int,java.lang.reflect.Type,java.lang.annotation.Annotation[],java.lang.annotation.Annotation)	method	retrofit2.RequestFactory$Builder	SOURCE
retrofit2.RequestFactory$Builder	parseParameterAnnotation(int,java.lang.reflect.Type,java.lang.annotation.Annotation[],java.lang.annotation.Annotation)	gotQueryName	retrofit2.RequestFactory$Builder	SOURCE
retrofit2.RequestFactory$Builder	parseParameterAnnotation(int,java.lang.reflect.Type,java.lang.annotation.Annotation[],java.lang.annotation.Annotation)	method	retrofit2.RequestFactory$Builder	SOURCE
retrofit2.RequestFactory$Builder	parseParameterAnnotation(int,java.lang.reflect.Type,java.lang.annotation.Annotation[],java.lang.annotation.Annotation)	gotQueryMap	retrofit2.RequestFactory$Builder	SOURCE
retrofit2.RequestFactory$Builder	parseParameterAnnotation(int,java.lang.reflect.Type,java.lang.annotation.Annotation[],java.lang.annotation.Annotation)	method	retrofit2.RequestFactory$Builder	SOURCE
retrofit2.RequestFactory$Builder	parseParameterAnnotation(int,java.lang.reflect.Type,java.lang.annotation.Annotation[],java.lang.annotation.Annotation)	relativeUrl	retrofit2.RequestFactory$Builder	SOURCE
retrofit2.RequestFactory$Builder	parseParameterAnnotation(int,java.lang.reflect.Type,java.lang.annotation.Annotation[],java.lang.annotation.Annotation)	method	retrofit2.RequestFactory$Builder	SOURCE
retrofit2.RequestFactory$Builder	parseParameterAnnotation(int,java.lang.reflect.Type,java.lang.annotation.Annotation[],java.lang.annotation.Annotation)	httpMethod	retrofit2.RequestFactory$Builder	SOURCE
retrofit2.RequestFactory$Builder	parseParameterAnnotation(int,java.lang.reflect.Type,java.lang.annotation.Annotation[],java.lang.annotation.Annotation)	gotUrl	retrofit2.RequestFactory$Builder	SOURCE
retrofit2.RequestFactory$Builder	parseParameterAnnotation(int,java.lang.reflect.Type,java.lang.annotation.Annotation[],java.lang.annotation.Annotation)	class	okhttp3.HttpUrl	SOURCE
retrofit2.RequestFactory$Builder	parseParameterAnnotation(int,java.lang.reflect.Type,java.lang.annotation.Annotation[],java.lang.annotation.Annotation)	class	java.lang.String	SOURCE
retrofit2.RequestFactory$Builder	parseParameterAnnotation(int,java.lang.reflect.Type,java.lang.annotation.Annotation[],java.lang.annotation.Annotation)	class	java.net.URI	SOURCE
retrofit2.RequestFactory$Builder	parseParameterAnnotation(int,java.lang.reflect.Type,java.lang.annotation.Annotation[],java.lang.annotation.Annotation)	method	retrofit2.RequestFactory$Builder	SOURCE
retrofit2.RequestFactory$Builder	parseParameterAnnotation(int,java.lang.reflect.Type,java.lang.annotation.Annotation[],java.lang.annotation.Annotation)	method	retrofit2.RequestFactory$Builder	SOURCE
retrofit2.RequestFactory$Builder	parseParameterAnnotation(int,java.lang.reflect.Type,java.lang.annotation.Annotation[],java.lang.annotation.Annotation)	gotQuery	retrofit2.RequestFactory$Builder	SOURCE
retrofit2.RequestFactory$Builder	parseParameterAnnotation(int,java.lang.reflect.Type,java.lang.annotation.Annotation[],java.lang.annotation.Annotation)	method	retrofit2.RequestFactory$Builder	SOURCE
retrofit2.RequestFactory$Builder	parseParameterAnnotation(int,java.lang.reflect.Type,java.lang.annotation.Annotation[],java.lang.annotation.Annotation)	gotQueryName	retrofit2.RequestFactory$Builder	SOURCE
retrofit2.RequestFactory$Builder	parseParameterAnnotation(int,java.lang.reflect.Type,java.lang.annotation.Annotation[],java.lang.annotation.Annotation)	method	retrofit2.RequestFactory$Builder	SOURCE
retrofit2.RequestFactory$Builder	parseParameterAnnotation(int,java.lang.reflect.Type,java.lang.annotation.Annotation[],java.lang.annotation.Annotation)	gotQueryMap	retrofit2.RequestFactory$Builder	SOURCE
retrofit2.RequestFactory$Builder	parseParameterAnnotation(int,java.lang.reflect.Type,java.lang.annotation.Annotation[],java.lang.annotation.Annotation)	method	retrofit2.RequestFactory$Builder	SOURCE
retrofit2.RequestFactory$Builder	parseParameterAnnotation(int,java.lang.reflect.Type,java.lang.annotation.Annotation[],java.lang.annotation.Annotation)	gotUrl	retrofit2.RequestFactory$Builder	SOURCE
retrofit2.RequestFactory$Builder	parseParameterAnnotation(int,java.lang.reflect.Type,java.lang.annotation.Annotation[],java.lang.annotation.Annotation)	method	retrofit2.RequestFactory$Builder	SOURCE
retrofit2.RequestFactory$Builder	parseParameterAnnotation(int,java.lang.reflect.Type,java.lang.annotation.Annotation[],java.lang.annotation.Annotation)	relativeUrl	retrofit2.RequestFactory$Builder	SOURCE
retrofit2.RequestFactory$Builder	parseParameterAnnotation(int,java.lang.reflect.Type,java.lang.annotation.Annotation[],java.lang.annotation.Annotation)	method	retrofit2.RequestFactory$Builder	SOURCE
retrofit2.RequestFactory$Builder	parseParameterAnnotation(int,java.lang.reflect.Type,java.lang.annotation.Annotation[],java.lang.annotation.Annotation)	httpMethod	retrofit2.RequestFactory$Builder	SOURCE
retrofit2.RequestFactory$Builder	parseParameterAnnotation(int,java.lang.reflect.Type,java.lang.annotation.Annotation[],java.lang.annotation.Annotation)	gotPath	retrofit2.RequestFactory$Builder	SOURCE
retrofit2.RequestFactory$Builder	parseParameterAnnotation(int,java.lang.reflect.Type,java.lang.annotation.Annotation[],java.lang.annotation.Annotation)	retrofit	retrofit2.RequestFactory$Builder	SOURCE
retrofit2.RequestFactory$Builder	parseParameterAnnotation(int,java.lang.reflect.Type,java.lang.annotation.Annotation[],java.lang.annotation.Annotation)	method	retrofit2.RequestFactory$Builder	SOURCE
retrofit2.RequestFactory$Builder	parseParameterAnnotation(int,java.lang.reflect.Type,java.lang.annotation.Annotation[],java.lang.annotation.Annotation)	gotQuery	retrofit2.RequestFactory$Builder	SOURCE
retrofit2.RequestFactory$Builder	parseParameterAnnotation(int,java.lang.reflect.Type,java.lang.annotation.Annotation[],java.lang.annotation.Annotation)	class	java.lang.Iterable	SOURCE
retrofit2.RequestFactory$Builder	parseParameterAnnotation(int,java.lang.reflect.Type,java.lang.annotation.Annotation[],java.lang.annotation.Annotation)	method	retrofit2.RequestFactory$Builder	SOURCE
retrofit2.RequestFactory$Builder	parseParameterAnnotation(int,java.lang.reflect.Type,java.lang.annotation.Annotation[],java.lang.annotation.Annotation)	retrofit	retrofit2.RequestFactory$Builder	SOURCE
retrofit2.RequestFactory$Builder	parseParameterAnnotation(int,java.lang.reflect.Type,java.lang.annotation.Annotation[],java.lang.annotation.Annotation)	retrofit	retrofit2.RequestFactory$Builder	SOURCE
retrofit2.RequestFactory$Builder	parseParameterAnnotation(int,java.lang.reflect.Type,java.lang.annotation.Annotation[],java.lang.annotation.Annotation)	retrofit	retrofit2.RequestFactory$Builder	SOURCE
retrofit2.RequestFactory$Builder	parseParameterAnnotation(int,java.lang.reflect.Type,java.lang.annotation.Annotation[],java.lang.annotation.Annotation)	gotQueryName	retrofit2.RequestFactory$Builder	SOURCE
retrofit2.RequestFactory$Builder	parseParameterAnnotation(int,java.lang.reflect.Type,java.lang.annotation.Annotation[],java.lang.annotation.Annotation)	class	java.lang.Iterable	SOURCE
retrofit2.RequestFactory$Builder	parseParameterAnnotation(int,java.lang.reflect.Type,java.lang.annotation.Annotation[],java.lang.annotation.Annotation)	method	retrofit2.RequestFactory$Builder	SOURCE
retrofit2.RequestFactory$Builder	parseParameterAnnotation(int,java.lang.reflect.Type,java.lang.annotation.Annotation[],java.lang.annotation.Annotation)	retrofit	retrofit2.RequestFactory$Builder	SOURCE
retrofit2.RequestFactory$Builder	parseParameterAnnotation(int,java.lang.reflect.Type,java.lang.annotation.Annotation[],java.lang.annotation.Annotation)	retrofit	retrofit2.RequestFactory$Builder	SOURCE
retrofit2.RequestFactory$Builder	parseParameterAnnotation(int,java.lang.reflect.Type,java.lang.annotation.Annotation[],java.lang.annotation.Annotation)	retrofit	retrofit2.RequestFactory$Builder	SOURCE
retrofit2.RequestFactory$Builder	parseParameterAnnotation(int,java.lang.reflect.Type,java.lang.annotation.Annotation[],java.lang.annotation.Annotation)	gotQueryMap	retrofit2.RequestFactory$Builder	SOURCE
retrofit2.RequestFactory$Builder	parseParameterAnnotation(int,java.lang.reflect.Type,java.lang.annotation.Annotation[],java.lang.annotation.Annotation)	class	java.util.Map	SOURCE
retrofit2.RequestFactory$Builder	parseParameterAnnotation(int,java.lang.reflect.Type,java.lang.annotation.Annotation[],java.lang.annotation.Annotation)	method	retrofit2.RequestFactory$Builder	SOURCE
retrofit2.RequestFactory$Builder	parseParameterAnnotation(int,java.lang.reflect.Type,java.lang.annotation.Annotation[],java.lang.annotation.Annotation)	class	java.util.Map	SOURCE
retrofit2.RequestFactory$Builder	parseParameterAnnotation(int,java.lang.reflect.Type,java.lang.annotation.Annotation[],java.lang.annotation.Annotation)	method	retrofit2.RequestFactory$Builder	SOURCE
retrofit2.RequestFactory$Builder	parseParameterAnnotation(int,java.lang.reflect.Type,java.lang.annotation.Annotation[],java.lang.annotation.Annotation)	class	java.lang.String	SOURCE
retrofit2.RequestFactory$Builder	parseParameterAnnotation(int,java.lang.reflect.Type,java.lang.annotation.Annotation[],java.lang.annotation.Annotation)	method	retrofit2.RequestFactory$Builder	SOURCE
retrofit2.RequestFactory$Builder	parseParameterAnnotation(int,java.lang.reflect.Type,java.lang.annotation.Annotation[],java.lang.annotation.Annotation)	retrofit	retrofit2.RequestFactory$Builder	SOURCE
retrofit2.RequestFactory$Builder	parseParameterAnnotation(int,java.lang.reflect.Type,java.lang.annotation.Annotation[],java.lang.annotation.Annotation)	method	retrofit2.RequestFactory$Builder	SOURCE
retrofit2.RequestFactory$Builder	parseParameterAnnotation(int,java.lang.reflect.Type,java.lang.annotation.Annotation[],java.lang.annotation.Annotation)	class	java.lang.Iterable	SOURCE
retrofit2.RequestFactory$Builder	parseParameterAnnotation(int,java.lang.reflect.Type,java.lang.annotation.Annotation[],java.lang.annotation.Annotation)	method	retrofit2.RequestFactory$Builder	SOURCE
retrofit2.RequestFactory$Builder	parseParameterAnnotation(int,java.lang.reflect.Type,java.lang.annotation.Annotation[],java.lang.annotation.Annotation)	retrofit	retrofit2.RequestFactory$Builder	SOURCE
retrofit2.RequestFactory$Builder	parseParameterAnnotation(int,java.lang.reflect.Type,java.lang.annotation.Annotation[],java.lang.annotation.Annotation)	retrofit	retrofit2.RequestFactory$Builder	SOURCE
retrofit2.RequestFactory$Builder	parseParameterAnnotation(int,java.lang.reflect.Type,java.lang.annotation.Annotation[],java.lang.annotation.Annotation)	retrofit	retrofit2.RequestFactory$Builder	SOURCE
retrofit2.RequestFactory$Builder	parseParameterAnnotation(int,java.lang.reflect.Type,java.lang.annotation.Annotation[],java.lang.annotation.Annotation)	class	okhttp3.Headers	SOURCE
retrofit2.RequestFactory$Builder	parseParameterAnnotation(int,java.lang.reflect.Type,java.lang.annotation.Annotation[],java.lang.annotation.Annotation)	method	retrofit2.RequestFactory$Builder	SOURCE
retrofit2.RequestFactory$Builder	parseParameterAnnotation(int,java.lang.reflect.Type,java.lang.annotation.Annotation[],java.lang.annotation.Annotation)	class	java.util.Map	SOURCE
retrofit2.RequestFactory$Builder	parseParameterAnnotation(int,java.lang.reflect.Type,java.lang.annotation.Annotation[],java.lang.annotation.Annotation)	method	retrofit2.RequestFactory$Builder	SOURCE
retrofit2.RequestFactory$Builder	parseParameterAnnotation(int,java.lang.reflect.Type,java.lang.annotation.Annotation[],java.lang.annotation.Annotation)	class	java.util.Map	SOURCE
retrofit2.RequestFactory$Builder	parseParameterAnnotation(int,java.lang.reflect.Type,java.lang.annotation.Annotation[],java.lang.annotation.Annotation)	method	retrofit2.RequestFactory$Builder	SOURCE
retrofit2.RequestFactory$Builder	parseParameterAnnotation(int,java.lang.reflect.Type,java.lang.annotation.Annotation[],java.lang.annotation.Annotation)	class	java.lang.String	SOURCE
retrofit2.RequestFactory$Builder	parseParameterAnnotation(int,java.lang.reflect.Type,java.lang.annotation.Annotation[],java.lang.annotation.Annotation)	method	retrofit2.RequestFactory$Builder	SOURCE
retrofit2.RequestFactory$Builder	parseParameterAnnotation(int,java.lang.reflect.Type,java.lang.annotation.Annotation[],java.lang.annotation.Annotation)	retrofit	retrofit2.RequestFactory$Builder	SOURCE
retrofit2.RequestFactory$Builder	parseParameterAnnotation(int,java.lang.reflect.Type,java.lang.annotation.Annotation[],java.lang.annotation.Annotation)	method	retrofit2.RequestFactory$Builder	SOURCE
retrofit2.RequestFactory$Builder	parseParameterAnnotation(int,java.lang.reflect.Type,java.lang.annotation.Annotation[],java.lang.annotation.Annotation)	isFormEncoded	retrofit2.RequestFactory$Builder	SOURCE
retrofit2.RequestFactory$Builder	parseParameterAnnotation(int,java.lang.reflect.Type,java.lang.annotation.Annotation[],java.lang.annotation.Annotation)	method	retrofit2.RequestFactory$Builder	SOURCE
retrofit2.RequestFactory$Builder	parseParameterAnnotation(int,java.lang.reflect.Type,java.lang.annotation.Annotation[],java.lang.annotation.Annotation)	gotField	retrofit2.RequestFactory$Builder	SOURCE
retrofit2.RequestFactory$Builder	parseParameterAnnotation(int,java.lang.reflect.Type,java.lang.annotation.Annotation[],java.lang.annotation.Annotation)	class	java.lang.Iterable	SOURCE
retrofit2.RequestFactory$Builder	parseParameterAnnotation(int,java.lang.reflect.Type,java.lang.annotation.Annotation[],java.lang.annotation.Annotation)	method	retrofit2.RequestFactory$Builder	SOURCE
retrofit2.RequestFactory$Builder	parseParameterAnnotation(int,java.lang.reflect.Type,java.lang.annotation.Annotation[],java.lang.annotation.Annotation)	retrofit	retrofit2.RequestFactory$Builder	SOURCE
retrofit2.RequestFactory$Builder	parseParameterAnnotation(int,java.lang.reflect.Type,java.lang.annotation.Annotation[],java.lang.annotation.Annotation)	retrofit	retrofit2.RequestFactory$Builder	SOURCE
retrofit2.RequestFactory$Builder	parseParameterAnnotation(int,java.lang.reflect.Type,java.lang.annotation.Annotation[],java.lang.annotation.Annotation)	retrofit	retrofit2.RequestFactory$Builder	SOURCE
retrofit2.RequestFactory$Builder	parseParameterAnnotation(int,java.lang.reflect.Type,java.lang.annotation.Annotation[],java.lang.annotation.Annotation)	isFormEncoded	retrofit2.RequestFactory$Builder	SOURCE
retrofit2.RequestFactory$Builder	parseParameterAnnotation(int,java.lang.reflect.Type,java.lang.annotation.Annotation[],java.lang.annotation.Annotation)	method	retrofit2.RequestFactory$Builder	SOURCE
retrofit2.RequestFactory$Builder	parseParameterAnnotation(int,java.lang.reflect.Type,java.lang.annotation.Annotation[],java.lang.annotation.Annotation)	class	java.util.Map	SOURCE
retrofit2.RequestFactory$Builder	parseParameterAnnotation(int,java.lang.reflect.Type,java.lang.annotation.Annotation[],java.lang.annotation.Annotation)	method	retrofit2.RequestFactory$Builder	SOURCE
retrofit2.RequestFactory$Builder	parseParameterAnnotation(int,java.lang.reflect.Type,java.lang.annotation.Annotation[],java.lang.annotation.Annotation)	class	java.util.Map	SOURCE
retrofit2.RequestFactory$Builder	parseParameterAnnotation(int,java.lang.reflect.Type,java.lang.annotation.Annotation[],java.lang.annotation.Annotation)	method	retrofit2.RequestFactory$Builder	SOURCE
retrofit2.RequestFactory$Builder	parseParameterAnnotation(int,java.lang.reflect.Type,java.lang.annotation.Annotation[],java.lang.annotation.Annotation)	class	java.lang.String	SOURCE
retrofit2.RequestFactory$Builder	parseParameterAnnotation(int,java.lang.reflect.Type,java.lang.annotation.Annotation[],java.lang.annotation.Annotation)	method	retrofit2.RequestFactory$Builder	SOURCE
retrofit2.RequestFactory$Builder	parseParameterAnnotation(int,java.lang.reflect.Type,java.lang.annotation.Annotation[],java.lang.annotation.Annotation)	retrofit	retrofit2.RequestFactory$Builder	SOURCE
retrofit2.RequestFactory$Builder	parseParameterAnnotation(int,java.lang.reflect.Type,java.lang.annotation.Annotation[],java.lang.annotation.Annotation)	gotField	retrofit2.RequestFactory$Builder	SOURCE
retrofit2.RequestFactory$Builder	parseParameterAnnotation(int,java.lang.reflect.Type,java.lang.annotation.Annotation[],java.lang.annotation.Annotation)	method	retrofit2.RequestFactory$Builder	SOURCE
retrofit2.RequestFactory$Builder	parseParameterAnnotation(int,java.lang.reflect.Type,java.lang.annotation.Annotation[],java.lang.annotation.Annotation)	isMultipart	retrofit2.RequestFactory$Builder	SOURCE
retrofit2.RequestFactory$Builder	parseParameterAnnotation(int,java.lang.reflect.Type,java.lang.annotation.Annotation[],java.lang.annotation.Annotation)	method	retrofit2.RequestFactory$Builder	SOURCE
retrofit2.RequestFactory$Builder	parseParameterAnnotation(int,java.lang.reflect.Type,java.lang.annotation.Annotation[],java.lang.annotation.Annotation)	gotPart	retrofit2.RequestFactory$Builder	SOURCE
retrofit2.RequestFactory$Builder	parseParameterAnnotation(int,java.lang.reflect.Type,java.lang.annotation.Annotation[],java.lang.annotation.Annotation)	class	java.lang.Iterable	SOURCE
retrofit2.RequestFactory$Builder	parseParameterAnnotation(int,java.lang.reflect.Type,java.lang.annotation.Annotation[],java.lang.annotation.Annotation)	method	retrofit2.RequestFactory$Builder	SOURCE
retrofit2.RequestFactory$Builder	parseParameterAnnotation(int,java.lang.reflect.Type,java.lang.annotation.Annotation[],java.lang.annotation.Annotation)	class	okhttp3.MultipartBody$Part	SOURCE
retrofit2.RequestFactory$Builder	parseParameterAnnotation(int,java.lang.reflect.Type,java.lang.annotation.Annotation[],java.lang.annotation.Annotation)	method	retrofit2.RequestFactory$Builder	SOURCE
retrofit2.RequestFactory$Builder	parseParameterAnnotation(int,java.lang.reflect.Type,java.lang.annotation.Annotation[],java.lang.annotation.Annotation)	INSTANCE	retrofit2.ParameterHandler$RawPart	SOURCE
retrofit2.RequestFactory$Builder	parseParameterAnnotation(int,java.lang.reflect.Type,java.lang.annotation.Annotation[],java.lang.annotation.Annotation)	class	okhttp3.MultipartBody$Part	SOURCE
retrofit2.RequestFactory$Builder	parseParameterAnnotation(int,java.lang.reflect.Type,java.lang.annotation.Annotation[],java.lang.annotation.Annotation)	method	retrofit2.RequestFactory$Builder	SOURCE
retrofit2.RequestFactory$Builder	parseParameterAnnotation(int,java.lang.reflect.Type,java.lang.annotation.Annotation[],java.lang.annotation.Annotation)	INSTANCE	retrofit2.ParameterHandler$RawPart	SOURCE
retrofit2.RequestFactory$Builder	parseParameterAnnotation(int,java.lang.reflect.Type,java.lang.annotation.Annotation[],java.lang.annotation.Annotation)	class	okhttp3.MultipartBody$Part	SOURCE
retrofit2.RequestFactory$Builder	parseParameterAnnotation(int,java.lang.reflect.Type,java.lang.annotation.Annotation[],java.lang.annotation.Annotation)	INSTANCE	retrofit2.ParameterHandler$RawPart	SOURCE
retrofit2.RequestFactory$Builder	parseParameterAnnotation(int,java.lang.reflect.Type,java.lang.annotation.Annotation[],java.lang.annotation.Annotation)	method	retrofit2.RequestFactory$Builder	SOURCE
retrofit2.RequestFactory$Builder	parseParameterAnnotation(int,java.lang.reflect.Type,java.lang.annotation.Annotation[],java.lang.annotation.Annotation)	class	java.lang.Iterable	SOURCE
retrofit2.RequestFactory$Builder	parseParameterAnnotation(int,java.lang.reflect.Type,java.lang.annotation.Annotation[],java.lang.annotation.Annotation)	method	retrofit2.RequestFactory$Builder	SOURCE
retrofit2.RequestFactory$Builder	parseParameterAnnotation(int,java.lang.reflect.Type,java.lang.annotation.Annotation[],java.lang.annotation.Annotation)	class	okhttp3.MultipartBody$Part	SOURCE
retrofit2.RequestFactory$Builder	parseParameterAnnotation(int,java.lang.reflect.Type,java.lang.annotation.Annotation[],java.lang.annotation.Annotation)	method	retrofit2.RequestFactory$Builder	SOURCE
retrofit2.RequestFactory$Builder	parseParameterAnnotation(int,java.lang.reflect.Type,java.lang.annotation.Annotation[],java.lang.annotation.Annotation)	retrofit	retrofit2.RequestFactory$Builder	SOURCE
retrofit2.RequestFactory$Builder	parseParameterAnnotation(int,java.lang.reflect.Type,java.lang.annotation.Annotation[],java.lang.annotation.Annotation)	methodAnnotations	retrofit2.RequestFactory$Builder	SOURCE
retrofit2.RequestFactory$Builder	parseParameterAnnotation(int,java.lang.reflect.Type,java.lang.annotation.Annotation[],java.lang.annotation.Annotation)	method	retrofit2.RequestFactory$Builder	SOURCE
retrofit2.RequestFactory$Builder	parseParameterAnnotation(int,java.lang.reflect.Type,java.lang.annotation.Annotation[],java.lang.annotation.Annotation)	class	okhttp3.MultipartBody$Part	SOURCE
retrofit2.RequestFactory$Builder	parseParameterAnnotation(int,java.lang.reflect.Type,java.lang.annotation.Annotation[],java.lang.annotation.Annotation)	method	retrofit2.RequestFactory$Builder	SOURCE
retrofit2.RequestFactory$Builder	parseParameterAnnotation(int,java.lang.reflect.Type,java.lang.annotation.Annotation[],java.lang.annotation.Annotation)	retrofit	retrofit2.RequestFactory$Builder	SOURCE
retrofit2.RequestFactory$Builder	parseParameterAnnotation(int,java.lang.reflect.Type,java.lang.annotation.Annotation[],java.lang.annotation.Annotation)	methodAnnotations	retrofit2.RequestFactory$Builder	SOURCE
retrofit2.RequestFactory$Builder	parseParameterAnnotation(int,java.lang.reflect.Type,java.lang.annotation.Annotation[],java.lang.annotation.Annotation)	method	retrofit2.RequestFactory$Builder	SOURCE
retrofit2.RequestFactory$Builder	parseParameterAnnotation(int,java.lang.reflect.Type,java.lang.annotation.Annotation[],java.lang.annotation.Annotation)	class	okhttp3.MultipartBody$Part	SOURCE
retrofit2.RequestFactory$Builder	parseParameterAnnotation(int,java.lang.reflect.Type,java.lang.annotation.Annotation[],java.lang.annotation.Annotation)	method	retrofit2.RequestFactory$Builder	SOURCE
retrofit2.RequestFactory$Builder	parseParameterAnnotation(int,java.lang.reflect.Type,java.lang.annotation.Annotation[],java.lang.annotation.Annotation)	retrofit	retrofit2.RequestFactory$Builder	SOURCE
retrofit2.RequestFactory$Builder	parseParameterAnnotation(int,java.lang.reflect.Type,java.lang.annotation.Annotation[],java.lang.annotation.Annotation)	methodAnnotations	retrofit2.RequestFactory$Builder	SOURCE
retrofit2.RequestFactory$Builder	parseParameterAnnotation(int,java.lang.reflect.Type,java.lang.annotation.Annotation[],java.lang.annotation.Annotation)	method	retrofit2.RequestFactory$Builder	SOURCE
retrofit2.RequestFactory$Builder	parseParameterAnnotation(int,java.lang.reflect.Type,java.lang.annotation.Annotation[],java.lang.annotation.Annotation)	isMultipart	retrofit2.RequestFactory$Builder	SOURCE
retrofit2.RequestFactory$Builder	parseParameterAnnotation(int,java.lang.reflect.Type,java.lang.annotation.Annotation[],java.lang.annotation.Annotation)	method	retrofit2.RequestFactory$Builder	SOURCE
retrofit2.RequestFactory$Builder	parseParameterAnnotation(int,java.lang.reflect.Type,java.lang.annotation.Annotation[],java.lang.annotation.Annotation)	gotPart	retrofit2.RequestFactory$Builder	SOURCE
retrofit2.RequestFactory$Builder	parseParameterAnnotation(int,java.lang.reflect.Type,java.lang.annotation.Annotation[],java.lang.annotation.Annotation)	class	java.util.Map	SOURCE
retrofit2.RequestFactory$Builder	parseParameterAnnotation(int,java.lang.reflect.Type,java.lang.annotation.Annotation[],java.lang.annotation.Annotation)	method	retrofit2.RequestFactory$Builder	SOURCE
retrofit2.RequestFactory$Builder	parseParameterAnnotation(int,java.lang.reflect.Type,java.lang.annotation.Annotation[],java.lang.annotation.Annotation)	class	java.util.Map	SOURCE
retrofit2.RequestFactory$Builder	parseParameterAnnotation(int,java.lang.reflect.Type,java.lang.annotation.Annotation[],java.lang.annotation.Annotation)	method	retrofit2.RequestFactory$Builder	SOURCE
retrofit2.RequestFactory$Builder	parseParameterAnnotation(int,java.lang.reflect.Type,java.lang.annotation.Annotation[],java.lang.annotation.Annotation)	class	java.lang.String	SOURCE
retrofit2.RequestFactory$Builder	parseParameterAnnotation(int,java.lang.reflect.Type,java.lang.annotation.Annotation[],java.lang.annotation.Annotation)	method	retrofit2.RequestFactory$Builder	SOURCE
retrofit2.RequestFactory$Builder	parseParameterAnnotation(int,java.lang.reflect.Type,java.lang.annotation.Annotation[],java.lang.annotation.Annotation)	class	okhttp3.MultipartBody$Part	SOURCE
retrofit2.RequestFactory$Builder	parseParameterAnnotation(int,java.lang.reflect.Type,java.lang.annotation.Annotation[],java.lang.annotation.Annotation)	method	retrofit2.RequestFactory$Builder	SOURCE
retrofit2.RequestFactory$Builder	parseParameterAnnotation(int,java.lang.reflect.Type,java.lang.annotation.Annotation[],java.lang.annotation.Annotation)	retrofit	retrofit2.RequestFactory$Builder	SOURCE
retrofit2.RequestFactory$Builder	parseParameterAnnotation(int,java.lang.reflect.Type,java.lang.annotation.Annotation[],java.lang.annotation.Annotation)	methodAnnotations	retrofit2.RequestFactory$Builder	SOURCE
retrofit2.RequestFactory$Builder	parseParameterAnnotation(int,java.lang.reflect.Type,java.lang.annotation.Annotation[],java.lang.annotation.Annotation)	method	retrofit2.RequestFactory$Builder	SOURCE
retrofit2.RequestFactory$Builder	parseParameterAnnotation(int,java.lang.reflect.Type,java.lang.annotation.Annotation[],java.lang.annotation.Annotation)	isFormEncoded	retrofit2.RequestFactory$Builder	SOURCE
retrofit2.RequestFactory$Builder	parseParameterAnnotation(int,java.lang.reflect.Type,java.lang.annotation.Annotation[],java.lang.annotation.Annotation)	isMultipart	retrofit2.RequestFactory$Builder	SOURCE
retrofit2.RequestFactory$Builder	parseParameterAnnotation(int,java.lang.reflect.Type,java.lang.annotation.Annotation[],java.lang.annotation.Annotation)	method	retrofit2.RequestFactory$Builder	SOURCE
retrofit2.RequestFactory$Builder	parseParameterAnnotation(int,java.lang.reflect.Type,java.lang.annotation.Annotation[],java.lang.annotation.Annotation)	gotBody	retrofit2.RequestFactory$Builder	SOURCE
retrofit2.RequestFactory$Builder	parseParameterAnnotation(int,java.lang.reflect.Type,java.lang.annotation.Annotation[],java.lang.annotation.Annotation)	method	retrofit2.RequestFactory$Builder	SOURCE
retrofit2.RequestFactory$Builder	parseParameterAnnotation(int,java.lang.reflect.Type,java.lang.annotation.Annotation[],java.lang.annotation.Annotation)	retrofit	retrofit2.RequestFactory$Builder	SOURCE
retrofit2.RequestFactory$Builder	parseParameterAnnotation(int,java.lang.reflect.Type,java.lang.annotation.Annotation[],java.lang.annotation.Annotation)	methodAnnotations	retrofit2.RequestFactory$Builder	SOURCE
retrofit2.RequestFactory$Builder	parseParameterAnnotation(int,java.lang.reflect.Type,java.lang.annotation.Annotation[],java.lang.annotation.Annotation)	method	retrofit2.RequestFactory$Builder	SOURCE
retrofit2.RequestFactory$Builder	parseParameterAnnotation(int,java.lang.reflect.Type,java.lang.annotation.Annotation[],java.lang.annotation.Annotation)	gotBody	retrofit2.RequestFactory$Builder	SOURCE
retrofit2.RequestFactory$Builder	parseParameterAnnotation(int,java.lang.reflect.Type,java.lang.annotation.Annotation[],java.lang.annotation.Annotation)	method	retrofit2.RequestFactory$Builder	SOURCE
retrofit2.RequestFactory$Builder	parseParameterAnnotation(int,java.lang.reflect.Type,java.lang.annotation.Annotation[],java.lang.annotation.Annotation)	parameterHandlers	retrofit2.RequestFactory$Builder	SOURCE
retrofit2.RequestFactory$Builder	parseParameterAnnotation(int,java.lang.reflect.Type,java.lang.annotation.Annotation[],java.lang.annotation.Annotation)	cls	retrofit2.ParameterHandler$Tag	SOURCE
retrofit2.RequestFactory$Builder	parseParameterAnnotation(int,java.lang.reflect.Type,java.lang.annotation.Annotation[],java.lang.annotation.Annotation)	method	retrofit2.RequestFactory$Builder	SOURCE
retrofit2.RequestFactory$Builder	validateResolvableType(int,java.lang.reflect.Type)	method	retrofit2.RequestFactory$Builder	SOURCE
retrofit2.RequestFactory$Builder	validatePathName(int,java.lang.String)	PARAM_NAME_REGEX	retrofit2.RequestFactory$Builder	SOURCE
retrofit2.RequestFactory$Builder	validatePathName(int,java.lang.String)	method	retrofit2.RequestFactory$Builder	SOURCE
retrofit2.RequestFactory$Builder	validatePathName(int,java.lang.String)	PARAM_URL_REGEX	retrofit2.RequestFactory$Builder	SOURCE
retrofit2.RequestFactory$Builder	validatePathName(int,java.lang.String)	relativeUrlParamNames	retrofit2.RequestFactory$Builder	SOURCE
retrofit2.RequestFactory$Builder	validatePathName(int,java.lang.String)	method	retrofit2.RequestFactory$Builder	SOURCE
retrofit2.RequestFactory$Builder	validatePathName(int,java.lang.String)	relativeUrl	retrofit2.RequestFactory$Builder	SOURCE
retrofit2.RequestFactory$Builder	parsePathParameters(java.lang.String)	PARAM_URL_REGEX	retrofit2.RequestFactory$Builder	SOURCE
retrofit2.RequestFactory$Builder	boxIfPrimitive(java.lang.Class<?>)	class	null	SOURCE
retrofit2.RequestFactory$Builder	boxIfPrimitive(java.lang.Class<?>)	class	java.lang.Boolean	SOURCE
retrofit2.RequestFactory$Builder	boxIfPrimitive(java.lang.Class<?>)	class	null	SOURCE
retrofit2.RequestFactory$Builder	boxIfPrimitive(java.lang.Class<?>)	class	java.lang.Byte	SOURCE
retrofit2.RequestFactory$Builder	boxIfPrimitive(java.lang.Class<?>)	class	null	SOURCE
retrofit2.RequestFactory$Builder	boxIfPrimitive(java.lang.Class<?>)	class	java.lang.Character	SOURCE
retrofit2.RequestFactory$Builder	boxIfPrimitive(java.lang.Class<?>)	class	null	SOURCE
retrofit2.RequestFactory$Builder	boxIfPrimitive(java.lang.Class<?>)	class	java.lang.Double	SOURCE
retrofit2.RequestFactory$Builder	boxIfPrimitive(java.lang.Class<?>)	class	null	SOURCE
retrofit2.RequestFactory$Builder	boxIfPrimitive(java.lang.Class<?>)	class	java.lang.Float	SOURCE
retrofit2.RequestFactory$Builder	boxIfPrimitive(java.lang.Class<?>)	class	null	SOURCE
retrofit2.RequestFactory$Builder	boxIfPrimitive(java.lang.Class<?>)	class	java.lang.Integer	SOURCE
retrofit2.RequestFactory$Builder	boxIfPrimitive(java.lang.Class<?>)	class	null	SOURCE
retrofit2.RequestFactory$Builder	boxIfPrimitive(java.lang.Class<?>)	class	java.lang.Long	SOURCE
retrofit2.RequestFactory$Builder	boxIfPrimitive(java.lang.Class<?>)	class	null	SOURCE
retrofit2.RequestFactory$Builder	boxIfPrimitive(java.lang.Class<?>)	class	java.lang.Short	SOURCE
retrofit2.ParameterHandler$1	apply(retrofit2.RequestBuilder,java.lang.Iterable<T>)	this	retrofit2.ParameterHandler	SOURCE
retrofit2.ParameterHandler$2	apply(retrofit2.RequestBuilder,java.lang.Object)	this	retrofit2.ParameterHandler	SOURCE
retrofit2.ParameterHandler$RelativeUrl	RelativeUrl(java.lang.reflect.Method,int)	method	retrofit2.ParameterHandler$RelativeUrl	SOURCE
retrofit2.ParameterHandler$RelativeUrl	RelativeUrl(java.lang.reflect.Method,int)	this	retrofit2.ParameterHandler$RelativeUrl	SOURCE
retrofit2.ParameterHandler$RelativeUrl	RelativeUrl(java.lang.reflect.Method,int)	p	retrofit2.ParameterHandler$RelativeUrl	SOURCE
retrofit2.ParameterHandler$RelativeUrl	RelativeUrl(java.lang.reflect.Method,int)	this	retrofit2.ParameterHandler$RelativeUrl	SOURCE
retrofit2.ParameterHandler$RelativeUrl	apply(retrofit2.RequestBuilder,java.lang.Object)	method	retrofit2.ParameterHandler$RelativeUrl	SOURCE
retrofit2.ParameterHandler$RelativeUrl	apply(retrofit2.RequestBuilder,java.lang.Object)	p	retrofit2.ParameterHandler$RelativeUrl	SOURCE
retrofit2.ParameterHandler$Header	Header(java.lang.String,retrofit2.Converter<T,java.lang.String>)	name	retrofit2.ParameterHandler$Header	SOURCE
retrofit2.ParameterHandler$Header	Header(java.lang.String,retrofit2.Converter<T,java.lang.String>)	this	retrofit2.ParameterHandler$Header	SOURCE
retrofit2.ParameterHandler$Header	Header(java.lang.String,retrofit2.Converter<T,java.lang.String>)	valueConverter	retrofit2.ParameterHandler$Header	SOURCE
retrofit2.ParameterHandler$Header	Header(java.lang.String,retrofit2.Converter<T,java.lang.String>)	this	retrofit2.ParameterHandler$Header	SOURCE
retrofit2.ParameterHandler$Header	apply(retrofit2.RequestBuilder,T)	valueConverter	retrofit2.ParameterHandler$Header	SOURCE
retrofit2.ParameterHandler$Header	apply(retrofit2.RequestBuilder,T)	name	retrofit2.ParameterHandler$Header	SOURCE
retrofit2.ParameterHandler$Path	Path(java.lang.reflect.Method,int,java.lang.String,retrofit2.Converter<T,java.lang.String>,boolean)	method	retrofit2.ParameterHandler$Path	SOURCE
retrofit2.ParameterHandler$Path	Path(java.lang.reflect.Method,int,java.lang.String,retrofit2.Converter<T,java.lang.String>,boolean)	this	retrofit2.ParameterHandler$Path	SOURCE
retrofit2.ParameterHandler$Path	Path(java.lang.reflect.Method,int,java.lang.String,retrofit2.Converter<T,java.lang.String>,boolean)	p	retrofit2.ParameterHandler$Path	SOURCE
retrofit2.ParameterHandler$Path	Path(java.lang.reflect.Method,int,java.lang.String,retrofit2.Converter<T,java.lang.String>,boolean)	this	retrofit2.ParameterHandler$Path	SOURCE
retrofit2.ParameterHandler$Path	Path(java.lang.reflect.Method,int,java.lang.String,retrofit2.Converter<T,java.lang.String>,boolean)	name	retrofit2.ParameterHandler$Path	SOURCE
retrofit2.ParameterHandler$Path	Path(java.lang.reflect.Method,int,java.lang.String,retrofit2.Converter<T,java.lang.String>,boolean)	this	retrofit2.ParameterHandler$Path	SOURCE
retrofit2.ParameterHandler$Path	Path(java.lang.reflect.Method,int,java.lang.String,retrofit2.Converter<T,java.lang.String>,boolean)	valueConverter	retrofit2.ParameterHandler$Path	SOURCE
retrofit2.ParameterHandler$Path	Path(java.lang.reflect.Method,int,java.lang.String,retrofit2.Converter<T,java.lang.String>,boolean)	this	retrofit2.ParameterHandler$Path	SOURCE
retrofit2.ParameterHandler$Path	Path(java.lang.reflect.Method,int,java.lang.String,retrofit2.Converter<T,java.lang.String>,boolean)	encoded	retrofit2.ParameterHandler$Path	SOURCE
retrofit2.ParameterHandler$Path	Path(java.lang.reflect.Method,int,java.lang.String,retrofit2.Converter<T,java.lang.String>,boolean)	this	retrofit2.ParameterHandler$Path	SOURCE
retrofit2.ParameterHandler$Path	apply(retrofit2.RequestBuilder,T)	method	retrofit2.ParameterHandler$Path	SOURCE
retrofit2.ParameterHandler$Path	apply(retrofit2.RequestBuilder,T)	p	retrofit2.ParameterHandler$Path	SOURCE
retrofit2.ParameterHandler$Path	apply(retrofit2.RequestBuilder,T)	name	retrofit2.ParameterHandler$Path	SOURCE
retrofit2.ParameterHandler$Path	apply(retrofit2.RequestBuilder,T)	name	retrofit2.ParameterHandler$Path	SOURCE
retrofit2.ParameterHandler$Path	apply(retrofit2.RequestBuilder,T)	valueConverter	retrofit2.ParameterHandler$Path	SOURCE
retrofit2.ParameterHandler$Path	apply(retrofit2.RequestBuilder,T)	encoded	retrofit2.ParameterHandler$Path	SOURCE
retrofit2.ParameterHandler$Query	Query(java.lang.String,retrofit2.Converter<T,java.lang.String>,boolean)	name	retrofit2.ParameterHandler$Query	SOURCE
retrofit2.ParameterHandler$Query	Query(java.lang.String,retrofit2.Converter<T,java.lang.String>,boolean)	this	retrofit2.ParameterHandler$Query	SOURCE
retrofit2.ParameterHandler$Query	Query(java.lang.String,retrofit2.Converter<T,java.lang.String>,boolean)	valueConverter	retrofit2.ParameterHandler$Query	SOURCE
retrofit2.ParameterHandler$Query	Query(java.lang.String,retrofit2.Converter<T,java.lang.String>,boolean)	this	retrofit2.ParameterHandler$Query	SOURCE
retrofit2.ParameterHandler$Query	Query(java.lang.String,retrofit2.Converter<T,java.lang.String>,boolean)	encoded	retrofit2.ParameterHandler$Query	SOURCE
retrofit2.ParameterHandler$Query	Query(java.lang.String,retrofit2.Converter<T,java.lang.String>,boolean)	this	retrofit2.ParameterHandler$Query	SOURCE
retrofit2.ParameterHandler$Query	apply(retrofit2.RequestBuilder,T)	valueConverter	retrofit2.ParameterHandler$Query	SOURCE
retrofit2.ParameterHandler$Query	apply(retrofit2.RequestBuilder,T)	name	retrofit2.ParameterHandler$Query	SOURCE
retrofit2.ParameterHandler$Query	apply(retrofit2.RequestBuilder,T)	encoded	retrofit2.ParameterHandler$Query	SOURCE
retrofit2.ParameterHandler$QueryName	QueryName(retrofit2.Converter<T,java.lang.String>,boolean)	nameConverter	retrofit2.ParameterHandler$QueryName	SOURCE
retrofit2.ParameterHandler$QueryName	QueryName(retrofit2.Converter<T,java.lang.String>,boolean)	this	retrofit2.ParameterHandler$QueryName	SOURCE
retrofit2.ParameterHandler$QueryName	QueryName(retrofit2.Converter<T,java.lang.String>,boolean)	encoded	retrofit2.ParameterHandler$QueryName	SOURCE
retrofit2.ParameterHandler$QueryName	QueryName(retrofit2.Converter<T,java.lang.String>,boolean)	this	retrofit2.ParameterHandler$QueryName	SOURCE
retrofit2.ParameterHandler$QueryName	apply(retrofit2.RequestBuilder,T)	nameConverter	retrofit2.ParameterHandler$QueryName	SOURCE
retrofit2.ParameterHandler$QueryName	apply(retrofit2.RequestBuilder,T)	encoded	retrofit2.ParameterHandler$QueryName	SOURCE
retrofit2.ParameterHandler$QueryMap	QueryMap(java.lang.reflect.Method,int,retrofit2.Converter<T,java.lang.String>,boolean)	method	retrofit2.ParameterHandler$QueryMap	SOURCE
retrofit2.ParameterHandler$QueryMap	QueryMap(java.lang.reflect.Method,int,retrofit2.Converter<T,java.lang.String>,boolean)	this	retrofit2.ParameterHandler$QueryMap	SOURCE
retrofit2.ParameterHandler$QueryMap	QueryMap(java.lang.reflect.Method,int,retrofit2.Converter<T,java.lang.String>,boolean)	p	retrofit2.ParameterHandler$QueryMap	SOURCE
retrofit2.ParameterHandler$QueryMap	QueryMap(java.lang.reflect.Method,int,retrofit2.Converter<T,java.lang.String>,boolean)	this	retrofit2.ParameterHandler$QueryMap	SOURCE
retrofit2.ParameterHandler$QueryMap	QueryMap(java.lang.reflect.Method,int,retrofit2.Converter<T,java.lang.String>,boolean)	valueConverter	retrofit2.ParameterHandler$QueryMap	SOURCE
retrofit2.ParameterHandler$QueryMap	QueryMap(java.lang.reflect.Method,int,retrofit2.Converter<T,java.lang.String>,boolean)	this	retrofit2.ParameterHandler$QueryMap	SOURCE
retrofit2.ParameterHandler$QueryMap	QueryMap(java.lang.reflect.Method,int,retrofit2.Converter<T,java.lang.String>,boolean)	encoded	retrofit2.ParameterHandler$QueryMap	SOURCE
retrofit2.ParameterHandler$QueryMap	QueryMap(java.lang.reflect.Method,int,retrofit2.Converter<T,java.lang.String>,boolean)	this	retrofit2.ParameterHandler$QueryMap	SOURCE
retrofit2.ParameterHandler$QueryMap	apply(retrofit2.RequestBuilder,java.util.Map<java.lang.String,T>)	method	retrofit2.ParameterHandler$QueryMap	SOURCE
retrofit2.ParameterHandler$QueryMap	apply(retrofit2.RequestBuilder,java.util.Map<java.lang.String,T>)	p	retrofit2.ParameterHandler$QueryMap	SOURCE
retrofit2.ParameterHandler$QueryMap	apply(retrofit2.RequestBuilder,java.util.Map<java.lang.String,T>)	method	retrofit2.ParameterHandler$QueryMap	SOURCE
retrofit2.ParameterHandler$QueryMap	apply(retrofit2.RequestBuilder,java.util.Map<java.lang.String,T>)	p	retrofit2.ParameterHandler$QueryMap	SOURCE
retrofit2.ParameterHandler$QueryMap	apply(retrofit2.RequestBuilder,java.util.Map<java.lang.String,T>)	method	retrofit2.ParameterHandler$QueryMap	SOURCE
retrofit2.ParameterHandler$QueryMap	apply(retrofit2.RequestBuilder,java.util.Map<java.lang.String,T>)	p	retrofit2.ParameterHandler$QueryMap	SOURCE
retrofit2.ParameterHandler$QueryMap	apply(retrofit2.RequestBuilder,java.util.Map<java.lang.String,T>)	valueConverter	retrofit2.ParameterHandler$QueryMap	SOURCE
retrofit2.ParameterHandler$QueryMap	apply(retrofit2.RequestBuilder,java.util.Map<java.lang.String,T>)	method	retrofit2.ParameterHandler$QueryMap	SOURCE
retrofit2.ParameterHandler$QueryMap	apply(retrofit2.RequestBuilder,java.util.Map<java.lang.String,T>)	p	retrofit2.ParameterHandler$QueryMap	SOURCE
retrofit2.ParameterHandler$QueryMap	apply(retrofit2.RequestBuilder,java.util.Map<java.lang.String,T>)	valueConverter	retrofit2.ParameterHandler$QueryMap	SOURCE
retrofit2.ParameterHandler$QueryMap	apply(retrofit2.RequestBuilder,java.util.Map<java.lang.String,T>)	encoded	retrofit2.ParameterHandler$QueryMap	SOURCE
retrofit2.ParameterHandler$HeaderMap	HeaderMap(java.lang.reflect.Method,int,retrofit2.Converter<T,java.lang.String>)	method	retrofit2.ParameterHandler$HeaderMap	SOURCE
retrofit2.ParameterHandler$HeaderMap	HeaderMap(java.lang.reflect.Method,int,retrofit2.Converter<T,java.lang.String>)	this	retrofit2.ParameterHandler$HeaderMap	SOURCE
retrofit2.ParameterHandler$HeaderMap	HeaderMap(java.lang.reflect.Method,int,retrofit2.Converter<T,java.lang.String>)	p	retrofit2.ParameterHandler$HeaderMap	SOURCE
retrofit2.ParameterHandler$HeaderMap	HeaderMap(java.lang.reflect.Method,int,retrofit2.Converter<T,java.lang.String>)	this	retrofit2.ParameterHandler$HeaderMap	SOURCE
retrofit2.ParameterHandler$HeaderMap	HeaderMap(java.lang.reflect.Method,int,retrofit2.Converter<T,java.lang.String>)	valueConverter	retrofit2.ParameterHandler$HeaderMap	SOURCE
retrofit2.ParameterHandler$HeaderMap	HeaderMap(java.lang.reflect.Method,int,retrofit2.Converter<T,java.lang.String>)	this	retrofit2.ParameterHandler$HeaderMap	SOURCE
retrofit2.ParameterHandler$HeaderMap	apply(retrofit2.RequestBuilder,java.util.Map<java.lang.String,T>)	method	retrofit2.ParameterHandler$HeaderMap	SOURCE
retrofit2.ParameterHandler$HeaderMap	apply(retrofit2.RequestBuilder,java.util.Map<java.lang.String,T>)	p	retrofit2.ParameterHandler$HeaderMap	SOURCE
retrofit2.ParameterHandler$HeaderMap	apply(retrofit2.RequestBuilder,java.util.Map<java.lang.String,T>)	method	retrofit2.ParameterHandler$HeaderMap	SOURCE
retrofit2.ParameterHandler$HeaderMap	apply(retrofit2.RequestBuilder,java.util.Map<java.lang.String,T>)	p	retrofit2.ParameterHandler$HeaderMap	SOURCE
retrofit2.ParameterHandler$HeaderMap	apply(retrofit2.RequestBuilder,java.util.Map<java.lang.String,T>)	method	retrofit2.ParameterHandler$HeaderMap	SOURCE
retrofit2.ParameterHandler$HeaderMap	apply(retrofit2.RequestBuilder,java.util.Map<java.lang.String,T>)	p	retrofit2.ParameterHandler$HeaderMap	SOURCE
retrofit2.ParameterHandler$HeaderMap	apply(retrofit2.RequestBuilder,java.util.Map<java.lang.String,T>)	valueConverter	retrofit2.ParameterHandler$HeaderMap	SOURCE
retrofit2.ParameterHandler$Headers	Headers(java.lang.reflect.Method,int)	method	retrofit2.ParameterHandler$Headers	SOURCE
retrofit2.ParameterHandler$Headers	Headers(java.lang.reflect.Method,int)	this	retrofit2.ParameterHandler$Headers	SOURCE
retrofit2.ParameterHandler$Headers	Headers(java.lang.reflect.Method,int)	p	retrofit2.ParameterHandler$Headers	SOURCE
retrofit2.ParameterHandler$Headers	Headers(java.lang.reflect.Method,int)	this	retrofit2.ParameterHandler$Headers	SOURCE
retrofit2.ParameterHandler$Headers	apply(retrofit2.RequestBuilder,okhttp3.Headers)	method	retrofit2.ParameterHandler$Headers	SOURCE
retrofit2.ParameterHandler$Headers	apply(retrofit2.RequestBuilder,okhttp3.Headers)	p	retrofit2.ParameterHandler$Headers	SOURCE
retrofit2.ParameterHandler$Field	Field(java.lang.String,retrofit2.Converter<T,java.lang.String>,boolean)	name	retrofit2.ParameterHandler$Field	SOURCE
retrofit2.ParameterHandler$Field	Field(java.lang.String,retrofit2.Converter<T,java.lang.String>,boolean)	this	retrofit2.ParameterHandler$Field	SOURCE
retrofit2.ParameterHandler$Field	Field(java.lang.String,retrofit2.Converter<T,java.lang.String>,boolean)	valueConverter	retrofit2.ParameterHandler$Field	SOURCE
retrofit2.ParameterHandler$Field	Field(java.lang.String,retrofit2.Converter<T,java.lang.String>,boolean)	this	retrofit2.ParameterHandler$Field	SOURCE
retrofit2.ParameterHandler$Field	Field(java.lang.String,retrofit2.Converter<T,java.lang.String>,boolean)	encoded	retrofit2.ParameterHandler$Field	SOURCE
retrofit2.ParameterHandler$Field	Field(java.lang.String,retrofit2.Converter<T,java.lang.String>,boolean)	this	retrofit2.ParameterHandler$Field	SOURCE
retrofit2.ParameterHandler$Field	apply(retrofit2.RequestBuilder,T)	valueConverter	retrofit2.ParameterHandler$Field	SOURCE
retrofit2.ParameterHandler$Field	apply(retrofit2.RequestBuilder,T)	name	retrofit2.ParameterHandler$Field	SOURCE
retrofit2.ParameterHandler$Field	apply(retrofit2.RequestBuilder,T)	encoded	retrofit2.ParameterHandler$Field	SOURCE
retrofit2.ParameterHandler$FieldMap	FieldMap(java.lang.reflect.Method,int,retrofit2.Converter<T,java.lang.String>,boolean)	method	retrofit2.ParameterHandler$FieldMap	SOURCE
retrofit2.ParameterHandler$FieldMap	FieldMap(java.lang.reflect.Method,int,retrofit2.Converter<T,java.lang.String>,boolean)	this	retrofit2.ParameterHandler$FieldMap	SOURCE
retrofit2.ParameterHandler$FieldMap	FieldMap(java.lang.reflect.Method,int,retrofit2.Converter<T,java.lang.String>,boolean)	p	retrofit2.ParameterHandler$FieldMap	SOURCE
retrofit2.ParameterHandler$FieldMap	FieldMap(java.lang.reflect.Method,int,retrofit2.Converter<T,java.lang.String>,boolean)	this	retrofit2.ParameterHandler$FieldMap	SOURCE
retrofit2.ParameterHandler$FieldMap	FieldMap(java.lang.reflect.Method,int,retrofit2.Converter<T,java.lang.String>,boolean)	valueConverter	retrofit2.ParameterHandler$FieldMap	SOURCE
retrofit2.ParameterHandler$FieldMap	FieldMap(java.lang.reflect.Method,int,retrofit2.Converter<T,java.lang.String>,boolean)	this	retrofit2.ParameterHandler$FieldMap	SOURCE
retrofit2.ParameterHandler$FieldMap	FieldMap(java.lang.reflect.Method,int,retrofit2.Converter<T,java.lang.String>,boolean)	encoded	retrofit2.ParameterHandler$FieldMap	SOURCE
retrofit2.ParameterHandler$FieldMap	FieldMap(java.lang.reflect.Method,int,retrofit2.Converter<T,java.lang.String>,boolean)	this	retrofit2.ParameterHandler$FieldMap	SOURCE
retrofit2.ParameterHandler$FieldMap	apply(retrofit2.RequestBuilder,java.util.Map<java.lang.String,T>)	method	retrofit2.ParameterHandler$FieldMap	SOURCE
retrofit2.ParameterHandler$FieldMap	apply(retrofit2.RequestBuilder,java.util.Map<java.lang.String,T>)	p	retrofit2.ParameterHandler$FieldMap	SOURCE
retrofit2.ParameterHandler$FieldMap	apply(retrofit2.RequestBuilder,java.util.Map<java.lang.String,T>)	method	retrofit2.ParameterHandler$FieldMap	SOURCE
retrofit2.ParameterHandler$FieldMap	apply(retrofit2.RequestBuilder,java.util.Map<java.lang.String,T>)	p	retrofit2.ParameterHandler$FieldMap	SOURCE
retrofit2.ParameterHandler$FieldMap	apply(retrofit2.RequestBuilder,java.util.Map<java.lang.String,T>)	method	retrofit2.ParameterHandler$FieldMap	SOURCE
retrofit2.ParameterHandler$FieldMap	apply(retrofit2.RequestBuilder,java.util.Map<java.lang.String,T>)	p	retrofit2.ParameterHandler$FieldMap	SOURCE
retrofit2.ParameterHandler$FieldMap	apply(retrofit2.RequestBuilder,java.util.Map<java.lang.String,T>)	valueConverter	retrofit2.ParameterHandler$FieldMap	SOURCE
retrofit2.ParameterHandler$FieldMap	apply(retrofit2.RequestBuilder,java.util.Map<java.lang.String,T>)	method	retrofit2.ParameterHandler$FieldMap	SOURCE
retrofit2.ParameterHandler$FieldMap	apply(retrofit2.RequestBuilder,java.util.Map<java.lang.String,T>)	p	retrofit2.ParameterHandler$FieldMap	SOURCE
retrofit2.ParameterHandler$FieldMap	apply(retrofit2.RequestBuilder,java.util.Map<java.lang.String,T>)	valueConverter	retrofit2.ParameterHandler$FieldMap	SOURCE
retrofit2.ParameterHandler$FieldMap	apply(retrofit2.RequestBuilder,java.util.Map<java.lang.String,T>)	encoded	retrofit2.ParameterHandler$FieldMap	SOURCE
retrofit2.ParameterHandler$Part	Part(java.lang.reflect.Method,int,okhttp3.Headers,retrofit2.Converter<T,okhttp3.RequestBody>)	method	retrofit2.ParameterHandler$Part	SOURCE
retrofit2.ParameterHandler$Part	Part(java.lang.reflect.Method,int,okhttp3.Headers,retrofit2.Converter<T,okhttp3.RequestBody>)	this	retrofit2.ParameterHandler$Part	SOURCE
retrofit2.ParameterHandler$Part	Part(java.lang.reflect.Method,int,okhttp3.Headers,retrofit2.Converter<T,okhttp3.RequestBody>)	p	retrofit2.ParameterHandler$Part	SOURCE
retrofit2.ParameterHandler$Part	Part(java.lang.reflect.Method,int,okhttp3.Headers,retrofit2.Converter<T,okhttp3.RequestBody>)	this	retrofit2.ParameterHandler$Part	SOURCE
retrofit2.ParameterHandler$Part	Part(java.lang.reflect.Method,int,okhttp3.Headers,retrofit2.Converter<T,okhttp3.RequestBody>)	headers	retrofit2.ParameterHandler$Part	SOURCE
retrofit2.ParameterHandler$Part	Part(java.lang.reflect.Method,int,okhttp3.Headers,retrofit2.Converter<T,okhttp3.RequestBody>)	this	retrofit2.ParameterHandler$Part	SOURCE
retrofit2.ParameterHandler$Part	Part(java.lang.reflect.Method,int,okhttp3.Headers,retrofit2.Converter<T,okhttp3.RequestBody>)	converter	retrofit2.ParameterHandler$Part	SOURCE
retrofit2.ParameterHandler$Part	Part(java.lang.reflect.Method,int,okhttp3.Headers,retrofit2.Converter<T,okhttp3.RequestBody>)	this	retrofit2.ParameterHandler$Part	SOURCE
retrofit2.ParameterHandler$Part	apply(retrofit2.RequestBuilder,T)	converter	retrofit2.ParameterHandler$Part	SOURCE
retrofit2.ParameterHandler$Part	apply(retrofit2.RequestBuilder,T)	method	retrofit2.ParameterHandler$Part	SOURCE
retrofit2.ParameterHandler$Part	apply(retrofit2.RequestBuilder,T)	p	retrofit2.ParameterHandler$Part	SOURCE
retrofit2.ParameterHandler$Part	apply(retrofit2.RequestBuilder,T)	headers	retrofit2.ParameterHandler$Part	SOURCE
retrofit2.ParameterHandler$PartMap	PartMap(java.lang.reflect.Method,int,retrofit2.Converter<T,okhttp3.RequestBody>,java.lang.String)	method	retrofit2.ParameterHandler$PartMap	SOURCE
retrofit2.ParameterHandler$PartMap	PartMap(java.lang.reflect.Method,int,retrofit2.Converter<T,okhttp3.RequestBody>,java.lang.String)	this	retrofit2.ParameterHandler$PartMap	SOURCE
retrofit2.ParameterHandler$PartMap	PartMap(java.lang.reflect.Method,int,retrofit2.Converter<T,okhttp3.RequestBody>,java.lang.String)	p	retrofit2.ParameterHandler$PartMap	SOURCE
retrofit2.ParameterHandler$PartMap	PartMap(java.lang.reflect.Method,int,retrofit2.Converter<T,okhttp3.RequestBody>,java.lang.String)	this	retrofit2.ParameterHandler$PartMap	SOURCE
retrofit2.ParameterHandler$PartMap	PartMap(java.lang.reflect.Method,int,retrofit2.Converter<T,okhttp3.RequestBody>,java.lang.String)	valueConverter	retrofit2.ParameterHandler$PartMap	SOURCE
retrofit2.ParameterHandler$PartMap	PartMap(java.lang.reflect.Method,int,retrofit2.Converter<T,okhttp3.RequestBody>,java.lang.String)	this	retrofit2.ParameterHandler$PartMap	SOURCE
retrofit2.ParameterHandler$PartMap	PartMap(java.lang.reflect.Method,int,retrofit2.Converter<T,okhttp3.RequestBody>,java.lang.String)	transferEncoding	retrofit2.ParameterHandler$PartMap	SOURCE
retrofit2.ParameterHandler$PartMap	PartMap(java.lang.reflect.Method,int,retrofit2.Converter<T,okhttp3.RequestBody>,java.lang.String)	this	retrofit2.ParameterHandler$PartMap	SOURCE
retrofit2.ParameterHandler$PartMap	apply(retrofit2.RequestBuilder,java.util.Map<java.lang.String,T>)	method	retrofit2.ParameterHandler$PartMap	SOURCE
retrofit2.ParameterHandler$PartMap	apply(retrofit2.RequestBuilder,java.util.Map<java.lang.String,T>)	p	retrofit2.ParameterHandler$PartMap	SOURCE
retrofit2.ParameterHandler$PartMap	apply(retrofit2.RequestBuilder,java.util.Map<java.lang.String,T>)	method	retrofit2.ParameterHandler$PartMap	SOURCE
retrofit2.ParameterHandler$PartMap	apply(retrofit2.RequestBuilder,java.util.Map<java.lang.String,T>)	p	retrofit2.ParameterHandler$PartMap	SOURCE
retrofit2.ParameterHandler$PartMap	apply(retrofit2.RequestBuilder,java.util.Map<java.lang.String,T>)	method	retrofit2.ParameterHandler$PartMap	SOURCE
retrofit2.ParameterHandler$PartMap	apply(retrofit2.RequestBuilder,java.util.Map<java.lang.String,T>)	p	retrofit2.ParameterHandler$PartMap	SOURCE
retrofit2.ParameterHandler$PartMap	apply(retrofit2.RequestBuilder,java.util.Map<java.lang.String,T>)	transferEncoding	retrofit2.ParameterHandler$PartMap	SOURCE
retrofit2.ParameterHandler$PartMap	apply(retrofit2.RequestBuilder,java.util.Map<java.lang.String,T>)	valueConverter	retrofit2.ParameterHandler$PartMap	SOURCE
retrofit2.ParameterHandler$Body	Body(java.lang.reflect.Method,int,retrofit2.Converter<T,okhttp3.RequestBody>)	method	retrofit2.ParameterHandler$Body	SOURCE
retrofit2.ParameterHandler$Body	Body(java.lang.reflect.Method,int,retrofit2.Converter<T,okhttp3.RequestBody>)	this	retrofit2.ParameterHandler$Body	SOURCE
retrofit2.ParameterHandler$Body	Body(java.lang.reflect.Method,int,retrofit2.Converter<T,okhttp3.RequestBody>)	p	retrofit2.ParameterHandler$Body	SOURCE
retrofit2.ParameterHandler$Body	Body(java.lang.reflect.Method,int,retrofit2.Converter<T,okhttp3.RequestBody>)	this	retrofit2.ParameterHandler$Body	SOURCE
retrofit2.ParameterHandler$Body	Body(java.lang.reflect.Method,int,retrofit2.Converter<T,okhttp3.RequestBody>)	converter	retrofit2.ParameterHandler$Body	SOURCE
retrofit2.ParameterHandler$Body	Body(java.lang.reflect.Method,int,retrofit2.Converter<T,okhttp3.RequestBody>)	this	retrofit2.ParameterHandler$Body	SOURCE
retrofit2.ParameterHandler$Body	apply(retrofit2.RequestBuilder,T)	method	retrofit2.ParameterHandler$Body	SOURCE
retrofit2.ParameterHandler$Body	apply(retrofit2.RequestBuilder,T)	p	retrofit2.ParameterHandler$Body	SOURCE
retrofit2.ParameterHandler$Body	apply(retrofit2.RequestBuilder,T)	converter	retrofit2.ParameterHandler$Body	SOURCE
retrofit2.ParameterHandler$Body	apply(retrofit2.RequestBuilder,T)	method	retrofit2.ParameterHandler$Body	SOURCE
retrofit2.ParameterHandler$Body	apply(retrofit2.RequestBuilder,T)	p	retrofit2.ParameterHandler$Body	SOURCE
retrofit2.ParameterHandler$Tag	Tag(java.lang.Class<T>)	cls	retrofit2.ParameterHandler$Tag	SOURCE
retrofit2.ParameterHandler$Tag	Tag(java.lang.Class<T>)	this	retrofit2.ParameterHandler$Tag	SOURCE
retrofit2.ParameterHandler$Tag	apply(retrofit2.RequestBuilder,T)	cls	retrofit2.ParameterHandler$Tag	SOURCE
retrofit2.RequestBuilder	RequestBuilder(java.lang.String,okhttp3.HttpUrl,java.lang.String,okhttp3.Headers,okhttp3.MediaType,boolean,boolean,boolean)	method	retrofit2.RequestBuilder	SOURCE
retrofit2.RequestBuilder	RequestBuilder(java.lang.String,okhttp3.HttpUrl,java.lang.String,okhttp3.Headers,okhttp3.MediaType,boolean,boolean,boolean)	this	retrofit2.RequestBuilder	SOURCE
retrofit2.RequestBuilder	RequestBuilder(java.lang.String,okhttp3.HttpUrl,java.lang.String,okhttp3.Headers,okhttp3.MediaType,boolean,boolean,boolean)	baseUrl	retrofit2.RequestBuilder	SOURCE
retrofit2.RequestBuilder	RequestBuilder(java.lang.String,okhttp3.HttpUrl,java.lang.String,okhttp3.Headers,okhttp3.MediaType,boolean,boolean,boolean)	this	retrofit2.RequestBuilder	SOURCE
retrofit2.RequestBuilder	RequestBuilder(java.lang.String,okhttp3.HttpUrl,java.lang.String,okhttp3.Headers,okhttp3.MediaType,boolean,boolean,boolean)	relativeUrl	retrofit2.RequestBuilder	SOURCE
retrofit2.RequestBuilder	RequestBuilder(java.lang.String,okhttp3.HttpUrl,java.lang.String,okhttp3.Headers,okhttp3.MediaType,boolean,boolean,boolean)	this	retrofit2.RequestBuilder	SOURCE
retrofit2.RequestBuilder	RequestBuilder(java.lang.String,okhttp3.HttpUrl,java.lang.String,okhttp3.Headers,okhttp3.MediaType,boolean,boolean,boolean)	requestBuilder	retrofit2.RequestBuilder	SOURCE
retrofit2.RequestBuilder	RequestBuilder(java.lang.String,okhttp3.HttpUrl,java.lang.String,okhttp3.Headers,okhttp3.MediaType,boolean,boolean,boolean)	this	retrofit2.RequestBuilder	SOURCE
retrofit2.RequestBuilder	RequestBuilder(java.lang.String,okhttp3.HttpUrl,java.lang.String,okhttp3.Headers,okhttp3.MediaType,boolean,boolean,boolean)	contentType	retrofit2.RequestBuilder	SOURCE
retrofit2.RequestBuilder	RequestBuilder(java.lang.String,okhttp3.HttpUrl,java.lang.String,okhttp3.Headers,okhttp3.MediaType,boolean,boolean,boolean)	this	retrofit2.RequestBuilder	SOURCE
retrofit2.RequestBuilder	RequestBuilder(java.lang.String,okhttp3.HttpUrl,java.lang.String,okhttp3.Headers,okhttp3.MediaType,boolean,boolean,boolean)	hasBody	retrofit2.RequestBuilder	SOURCE
retrofit2.RequestBuilder	RequestBuilder(java.lang.String,okhttp3.HttpUrl,java.lang.String,okhttp3.Headers,okhttp3.MediaType,boolean,boolean,boolean)	this	retrofit2.RequestBuilder	SOURCE
retrofit2.RequestBuilder	RequestBuilder(java.lang.String,okhttp3.HttpUrl,java.lang.String,okhttp3.Headers,okhttp3.MediaType,boolean,boolean,boolean)	headersBuilder	retrofit2.RequestBuilder	SOURCE
retrofit2.RequestBuilder	RequestBuilder(java.lang.String,okhttp3.HttpUrl,java.lang.String,okhttp3.Headers,okhttp3.MediaType,boolean,boolean,boolean)	headersBuilder	retrofit2.RequestBuilder	SOURCE
retrofit2.RequestBuilder	RequestBuilder(java.lang.String,okhttp3.HttpUrl,java.lang.String,okhttp3.Headers,okhttp3.MediaType,boolean,boolean,boolean)	formBuilder	retrofit2.RequestBuilder	SOURCE
retrofit2.RequestBuilder	RequestBuilder(java.lang.String,okhttp3.HttpUrl,java.lang.String,okhttp3.Headers,okhttp3.MediaType,boolean,boolean,boolean)	multipartBuilder	retrofit2.RequestBuilder	SOURCE
retrofit2.RequestBuilder	RequestBuilder(java.lang.String,okhttp3.HttpUrl,java.lang.String,okhttp3.Headers,okhttp3.MediaType,boolean,boolean,boolean)	multipartBuilder	retrofit2.RequestBuilder	SOURCE
retrofit2.RequestBuilder	RequestBuilder(java.lang.String,okhttp3.HttpUrl,java.lang.String,okhttp3.Headers,okhttp3.MediaType,boolean,boolean,boolean)	FORM	okhttp3.MultipartBody	SOURCE
retrofit2.RequestBuilder	setRelativeUrl(java.lang.Object)	relativeUrl	retrofit2.RequestBuilder	SOURCE
retrofit2.RequestBuilder	setRelativeUrl(java.lang.Object)	this	retrofit2.RequestBuilder	SOURCE
retrofit2.RequestBuilder	addHeader(java.lang.String,java.lang.String)	contentType	retrofit2.RequestBuilder	SOURCE
retrofit2.RequestBuilder	addHeader(java.lang.String,java.lang.String)	headersBuilder	retrofit2.RequestBuilder	SOURCE
retrofit2.RequestBuilder	addHeaders(okhttp3.Headers)	headersBuilder	retrofit2.RequestBuilder	SOURCE
retrofit2.RequestBuilder	addPathParam(java.lang.String,java.lang.String,boolean)	relativeUrl	retrofit2.RequestBuilder	SOURCE
retrofit2.RequestBuilder	addPathParam(java.lang.String,java.lang.String,boolean)	relativeUrl	retrofit2.RequestBuilder	SOURCE
retrofit2.RequestBuilder	addPathParam(java.lang.String,java.lang.String,boolean)	PATH_TRAVERSAL	retrofit2.RequestBuilder	SOURCE
retrofit2.RequestBuilder	addPathParam(java.lang.String,java.lang.String,boolean)	relativeUrl	retrofit2.RequestBuilder	SOURCE
retrofit2.RequestBuilder	canonicalizeForPath(java.lang.String,boolean)	PATH_SEGMENT_ALWAYS_ENCODE_SET	retrofit2.RequestBuilder	SOURCE
retrofit2.RequestBuilder	canonicalizeForPath(okio.Buffer,java.lang.String,int,int,boolean)	PATH_SEGMENT_ALWAYS_ENCODE_SET	retrofit2.RequestBuilder	SOURCE
retrofit2.RequestBuilder	canonicalizeForPath(okio.Buffer,java.lang.String,int,int,boolean)	HEX_DIGITS	retrofit2.RequestBuilder	SOURCE
retrofit2.RequestBuilder	canonicalizeForPath(okio.Buffer,java.lang.String,int,int,boolean)	HEX_DIGITS	retrofit2.RequestBuilder	SOURCE
retrofit2.RequestBuilder	addQueryParam(java.lang.String,java.lang.String,boolean)	relativeUrl	retrofit2.RequestBuilder	SOURCE
retrofit2.RequestBuilder	addQueryParam(java.lang.String,java.lang.String,boolean)	urlBuilder	retrofit2.RequestBuilder	SOURCE
retrofit2.RequestBuilder	addQueryParam(java.lang.String,java.lang.String,boolean)	baseUrl	retrofit2.RequestBuilder	SOURCE
retrofit2.RequestBuilder	addQueryParam(java.lang.String,java.lang.String,boolean)	relativeUrl	retrofit2.RequestBuilder	SOURCE
retrofit2.RequestBuilder	addQueryParam(java.lang.String,java.lang.String,boolean)	urlBuilder	retrofit2.RequestBuilder	SOURCE
retrofit2.RequestBuilder	addQueryParam(java.lang.String,java.lang.String,boolean)	baseUrl	retrofit2.RequestBuilder	SOURCE
retrofit2.RequestBuilder	addQueryParam(java.lang.String,java.lang.String,boolean)	relativeUrl	retrofit2.RequestBuilder	SOURCE
retrofit2.RequestBuilder	addQueryParam(java.lang.String,java.lang.String,boolean)	relativeUrl	retrofit2.RequestBuilder	SOURCE
retrofit2.RequestBuilder	addQueryParam(java.lang.String,java.lang.String,boolean)	urlBuilder	retrofit2.RequestBuilder	SOURCE
retrofit2.RequestBuilder	addQueryParam(java.lang.String,java.lang.String,boolean)	urlBuilder	retrofit2.RequestBuilder	SOURCE
retrofit2.RequestBuilder	addFormField(java.lang.String,java.lang.String,boolean)	formBuilder	retrofit2.RequestBuilder	SOURCE
retrofit2.RequestBuilder	addFormField(java.lang.String,java.lang.String,boolean)	formBuilder	retrofit2.RequestBuilder	SOURCE
retrofit2.RequestBuilder	addPart(okhttp3.Headers,okhttp3.RequestBody)	multipartBuilder	retrofit2.RequestBuilder	SOURCE
retrofit2.RequestBuilder	addPart(okhttp3.MultipartBody.Part)	multipartBuilder	retrofit2.RequestBuilder	SOURCE
retrofit2.RequestBuilder	setBody(okhttp3.RequestBody)	body	retrofit2.RequestBuilder	SOURCE
retrofit2.RequestBuilder	setBody(okhttp3.RequestBody)	this	retrofit2.RequestBuilder	SOURCE
retrofit2.RequestBuilder	<T>addTag(java.lang.Class<T>,T)	requestBuilder	retrofit2.RequestBuilder	SOURCE
retrofit2.RequestBuilder	get()	urlBuilder	retrofit2.RequestBuilder	SOURCE
retrofit2.RequestBuilder	get()	urlBuilder	retrofit2.RequestBuilder	SOURCE
retrofit2.RequestBuilder	get()	this	retrofit2.RequestBuilder	SOURCE
retrofit2.RequestBuilder	get()	baseUrl	retrofit2.RequestBuilder	SOURCE
retrofit2.RequestBuilder	get()	relativeUrl	retrofit2.RequestBuilder	SOURCE
retrofit2.RequestBuilder	get()	baseUrl	retrofit2.RequestBuilder	SOURCE
retrofit2.RequestBuilder	get()	relativeUrl	retrofit2.RequestBuilder	SOURCE
retrofit2.RequestBuilder	get()	body	retrofit2.RequestBuilder	SOURCE
retrofit2.RequestBuilder	get()	body	retrofit2.RequestBuilder	SOURCE
retrofit2.RequestBuilder	get()	this	retrofit2.RequestBuilder	SOURCE
retrofit2.RequestBuilder	get()	formBuilder	retrofit2.RequestBuilder	SOURCE
retrofit2.RequestBuilder	get()	formBuilder	retrofit2.RequestBuilder	SOURCE
retrofit2.RequestBuilder	get()	multipartBuilder	retrofit2.RequestBuilder	SOURCE
retrofit2.RequestBuilder	get()	multipartBuilder	retrofit2.RequestBuilder	SOURCE
retrofit2.RequestBuilder	get()	hasBody	retrofit2.RequestBuilder	SOURCE
retrofit2.RequestBuilder	get()	contentType	retrofit2.RequestBuilder	SOURCE
retrofit2.RequestBuilder	get()	contentType	retrofit2.RequestBuilder	SOURCE
retrofit2.RequestBuilder	get()	this	retrofit2.RequestBuilder	SOURCE
retrofit2.RequestBuilder	get()	headersBuilder	retrofit2.RequestBuilder	SOURCE
retrofit2.RequestBuilder	get()	requestBuilder	retrofit2.RequestBuilder	SOURCE
retrofit2.RequestBuilder	get()	headersBuilder	retrofit2.RequestBuilder	SOURCE
retrofit2.RequestBuilder	get()	method	retrofit2.RequestBuilder	SOURCE
retrofit2.RequestBuilder$ContentTypeOverridingRequestBody	ContentTypeOverridingRequestBody(okhttp3.RequestBody,okhttp3.MediaType)	delegate	retrofit2.RequestBuilder$ContentTypeOverridingRequestBody	SOURCE
retrofit2.RequestBuilder$ContentTypeOverridingRequestBody	ContentTypeOverridingRequestBody(okhttp3.RequestBody,okhttp3.MediaType)	this	retrofit2.RequestBuilder$ContentTypeOverridingRequestBody	SOURCE
retrofit2.RequestBuilder$ContentTypeOverridingRequestBody	ContentTypeOverridingRequestBody(okhttp3.RequestBody,okhttp3.MediaType)	contentType	retrofit2.RequestBuilder$ContentTypeOverridingRequestBody	SOURCE
retrofit2.RequestBuilder$ContentTypeOverridingRequestBody	ContentTypeOverridingRequestBody(okhttp3.RequestBody,okhttp3.MediaType)	this	retrofit2.RequestBuilder$ContentTypeOverridingRequestBody	SOURCE
retrofit2.RequestBuilder$ContentTypeOverridingRequestBody	contentType()	contentType	retrofit2.RequestBuilder$ContentTypeOverridingRequestBody	SOURCE
retrofit2.RequestBuilder$ContentTypeOverridingRequestBody	contentLength()	delegate	retrofit2.RequestBuilder$ContentTypeOverridingRequestBody	SOURCE
retrofit2.RequestBuilder$ContentTypeOverridingRequestBody	writeTo(okio.BufferedSink)	delegate	retrofit2.RequestBuilder$ContentTypeOverridingRequestBody	SOURCE
retrofit2.DefaultCallAdapterFactory	DefaultCallAdapterFactory(java.util.concurrent.Executor)	callbackExecutor	retrofit2.DefaultCallAdapterFactory	SOURCE
retrofit2.DefaultCallAdapterFactory	DefaultCallAdapterFactory(java.util.concurrent.Executor)	this	retrofit2.DefaultCallAdapterFactory	SOURCE
retrofit2.DefaultCallAdapterFactory	get(java.lang.reflect.Type,java.lang.annotation.Annotation[],retrofit2.Retrofit)	class	retrofit2.Call	SOURCE
retrofit2.DefaultCallAdapterFactory	get(java.lang.reflect.Type,java.lang.annotation.Annotation[],retrofit2.Retrofit)	class	retrofit2.SkipCallbackExecutor	SOURCE
retrofit2.DefaultCallAdapterFactory	get(java.lang.reflect.Type,java.lang.annotation.Annotation[],retrofit2.Retrofit)	callbackExecutor	retrofit2.DefaultCallAdapterFactory	SOURCE
retrofit2.DefaultCallAdapterFactory$ExecutorCallbackCall	ExecutorCallbackCall(java.util.concurrent.Executor,retrofit2.Call<T>)	callbackExecutor	retrofit2.DefaultCallAdapterFactory$ExecutorCallbackCall	SOURCE
retrofit2.DefaultCallAdapterFactory$ExecutorCallbackCall	ExecutorCallbackCall(java.util.concurrent.Executor,retrofit2.Call<T>)	this	retrofit2.DefaultCallAdapterFactory$ExecutorCallbackCall	SOURCE
retrofit2.DefaultCallAdapterFactory$ExecutorCallbackCall	ExecutorCallbackCall(java.util.concurrent.Executor,retrofit2.Call<T>)	delegate	retrofit2.DefaultCallAdapterFactory$ExecutorCallbackCall	SOURCE
retrofit2.DefaultCallAdapterFactory$ExecutorCallbackCall	ExecutorCallbackCall(java.util.concurrent.Executor,retrofit2.Call<T>)	this	retrofit2.DefaultCallAdapterFactory$ExecutorCallbackCall	SOURCE
retrofit2.DefaultCallAdapterFactory$ExecutorCallbackCall	enqueue(retrofit2.Callback<T>)	delegate	retrofit2.DefaultCallAdapterFactory$ExecutorCallbackCall	SOURCE
retrofit2.DefaultCallAdapterFactory$ExecutorCallbackCall$1	onResponse(retrofit2.Call<T>,retrofit2.Response<T>)	callbackExecutor	retrofit2.DefaultCallAdapterFactory$ExecutorCallbackCall	SOURCE
retrofit2.DefaultCallAdapterFactory$ExecutorCallbackCall$1	onResponse(retrofit2.Call<T>,retrofit2.Response<T>)	delegate	retrofit2.DefaultCallAdapterFactory$ExecutorCallbackCall	SOURCE
retrofit2.DefaultCallAdapterFactory$ExecutorCallbackCall$1	onResponse(retrofit2.Call<T>,retrofit2.Response<T>)	this	retrofit2.DefaultCallAdapterFactory$ExecutorCallbackCall	SOURCE
retrofit2.DefaultCallAdapterFactory$ExecutorCallbackCall$1	onResponse(retrofit2.Call<T>,retrofit2.Response<T>)	this	retrofit2.DefaultCallAdapterFactory$ExecutorCallbackCall	SOURCE
retrofit2.DefaultCallAdapterFactory$ExecutorCallbackCall$1	onFailure(retrofit2.Call<T>,java.lang.Throwable)	callbackExecutor	retrofit2.DefaultCallAdapterFactory$ExecutorCallbackCall	SOURCE
retrofit2.DefaultCallAdapterFactory$ExecutorCallbackCall$1	onFailure(retrofit2.Call<T>,java.lang.Throwable)	this	retrofit2.DefaultCallAdapterFactory$ExecutorCallbackCall	SOURCE
retrofit2.DefaultCallAdapterFactory$ExecutorCallbackCall	isExecuted()	delegate	retrofit2.DefaultCallAdapterFactory$ExecutorCallbackCall	SOURCE
retrofit2.DefaultCallAdapterFactory$ExecutorCallbackCall	execute()	delegate	retrofit2.DefaultCallAdapterFactory$ExecutorCallbackCall	SOURCE
retrofit2.DefaultCallAdapterFactory$ExecutorCallbackCall	cancel()	delegate	retrofit2.DefaultCallAdapterFactory$ExecutorCallbackCall	SOURCE
retrofit2.DefaultCallAdapterFactory$ExecutorCallbackCall	isCanceled()	delegate	retrofit2.DefaultCallAdapterFactory$ExecutorCallbackCall	SOURCE
retrofit2.DefaultCallAdapterFactory$ExecutorCallbackCall	clone()	callbackExecutor	retrofit2.DefaultCallAdapterFactory$ExecutorCallbackCall	SOURCE
retrofit2.DefaultCallAdapterFactory$ExecutorCallbackCall	clone()	delegate	retrofit2.DefaultCallAdapterFactory$ExecutorCallbackCall	SOURCE
retrofit2.DefaultCallAdapterFactory$ExecutorCallbackCall	request()	delegate	retrofit2.DefaultCallAdapterFactory$ExecutorCallbackCall	SOURCE
retrofit2.DefaultCallAdapterFactory$ExecutorCallbackCall	timeout()	delegate	retrofit2.DefaultCallAdapterFactory$ExecutorCallbackCall	SOURCE
retrofit2.BuiltInConverters	responseBodyConverter(java.lang.reflect.Type,java.lang.annotation.Annotation[],retrofit2.Retrofit)	class	okhttp3.ResponseBody	SOURCE
retrofit2.BuiltInConverters	responseBodyConverter(java.lang.reflect.Type,java.lang.annotation.Annotation[],retrofit2.Retrofit)	class	retrofit2.http.Streaming	SOURCE
retrofit2.BuiltInConverters	responseBodyConverter(java.lang.reflect.Type,java.lang.annotation.Annotation[],retrofit2.Retrofit)	INSTANCE	retrofit2.BuiltInConverters$StreamingResponseBodyConverter	SOURCE
retrofit2.BuiltInConverters	responseBodyConverter(java.lang.reflect.Type,java.lang.annotation.Annotation[],retrofit2.Retrofit)	INSTANCE	retrofit2.BuiltInConverters$BufferingResponseBodyConverter	SOURCE
retrofit2.BuiltInConverters	responseBodyConverter(java.lang.reflect.Type,java.lang.annotation.Annotation[],retrofit2.Retrofit)	class	java.lang.Void	SOURCE
retrofit2.BuiltInConverters	responseBodyConverter(java.lang.reflect.Type,java.lang.annotation.Annotation[],retrofit2.Retrofit)	INSTANCE	retrofit2.BuiltInConverters$VoidResponseBodyConverter	SOURCE
retrofit2.BuiltInConverters	responseBodyConverter(java.lang.reflect.Type,java.lang.annotation.Annotation[],retrofit2.Retrofit)	checkForKotlinUnit	retrofit2.BuiltInConverters	SOURCE
retrofit2.BuiltInConverters	responseBodyConverter(java.lang.reflect.Type,java.lang.annotation.Annotation[],retrofit2.Retrofit)	class	kotlin.Unit	SOURCE
retrofit2.BuiltInConverters	responseBodyConverter(java.lang.reflect.Type,java.lang.annotation.Annotation[],retrofit2.Retrofit)	INSTANCE	retrofit2.BuiltInConverters$UnitResponseBodyConverter	SOURCE
retrofit2.BuiltInConverters	responseBodyConverter(java.lang.reflect.Type,java.lang.annotation.Annotation[],retrofit2.Retrofit)	checkForKotlinUnit	retrofit2.BuiltInConverters	SOURCE
retrofit2.BuiltInConverters	requestBodyConverter(java.lang.reflect.Type,java.lang.annotation.Annotation[],java.lang.annotation.Annotation[],retrofit2.Retrofit)	class	okhttp3.RequestBody	SOURCE
retrofit2.BuiltInConverters	requestBodyConverter(java.lang.reflect.Type,java.lang.annotation.Annotation[],java.lang.annotation.Annotation[],retrofit2.Retrofit)	INSTANCE	retrofit2.BuiltInConverters$RequestBodyConverter	SOURCE
retrofit2.BuiltInConverters$UnitResponseBodyConverter	convert(okhttp3.ResponseBody)	INSTANCE	kotlin.Unit	SOURCE
retrofit2.HttpException	HttpException(retrofit2.Response<?>)	code	retrofit2.HttpException	SOURCE
retrofit2.HttpException	HttpException(retrofit2.Response<?>)	this	retrofit2.HttpException	SOURCE
retrofit2.HttpException	HttpException(retrofit2.Response<?>)	message	retrofit2.HttpException	SOURCE
retrofit2.HttpException	HttpException(retrofit2.Response<?>)	this	retrofit2.HttpException	SOURCE
retrofit2.HttpException	HttpException(retrofit2.Response<?>)	response	retrofit2.HttpException	SOURCE
retrofit2.HttpException	HttpException(retrofit2.Response<?>)	this	retrofit2.HttpException	SOURCE
retrofit2.HttpException	code()	code	retrofit2.HttpException	SOURCE
retrofit2.HttpException	message()	message	retrofit2.HttpException	SOURCE
retrofit2.HttpException	response()	response	retrofit2.HttpException	SOURCE
retrofit2.SkipCallbackExecutorImpl	ensurePresent(java.lang.annotation.Annotation[])	class	retrofit2.SkipCallbackExecutor	SOURCE
retrofit2.SkipCallbackExecutorImpl	ensurePresent(java.lang.annotation.Annotation[])	length	Array	SOURCE
retrofit2.SkipCallbackExecutorImpl	ensurePresent(java.lang.annotation.Annotation[])	INSTANCE	retrofit2.SkipCallbackExecutorImpl	SOURCE
retrofit2.SkipCallbackExecutorImpl	ensurePresent(java.lang.annotation.Annotation[])	length	Array	SOURCE
retrofit2.SkipCallbackExecutorImpl	annotationType()	class	retrofit2.SkipCallbackExecutor	SOURCE
retrofit2.SkipCallbackExecutorImpl	toString()	class	retrofit2.SkipCallbackExecutor	SOURCE
retrofit2.CompletableFutureCallAdapterFactory	get(java.lang.reflect.Type,java.lang.annotation.Annotation[],retrofit2.Retrofit)	class	java.util.concurrent.CompletableFuture	SOURCE
retrofit2.CompletableFutureCallAdapterFactory	get(java.lang.reflect.Type,java.lang.annotation.Annotation[],retrofit2.Retrofit)	class	retrofit2.Response	SOURCE
retrofit2.CompletableFutureCallAdapterFactory$BodyCallAdapter	BodyCallAdapter(java.lang.reflect.Type)	responseType	retrofit2.CompletableFutureCallAdapterFactory$BodyCallAdapter	SOURCE
retrofit2.CompletableFutureCallAdapterFactory$BodyCallAdapter	BodyCallAdapter(java.lang.reflect.Type)	this	retrofit2.CompletableFutureCallAdapterFactory$BodyCallAdapter	SOURCE
retrofit2.CompletableFutureCallAdapterFactory$BodyCallAdapter	responseType()	responseType	retrofit2.CompletableFutureCallAdapterFactory$BodyCallAdapter	SOURCE
retrofit2.CompletableFutureCallAdapterFactory$BodyCallAdapter$BodyCallback	BodyCallback(java.util.concurrent.CompletableFuture<R>)	future	retrofit2.CompletableFutureCallAdapterFactory$BodyCallAdapter$BodyCallback	SOURCE
retrofit2.CompletableFutureCallAdapterFactory$BodyCallAdapter$BodyCallback	BodyCallback(java.util.concurrent.CompletableFuture<R>)	this	retrofit2.CompletableFutureCallAdapterFactory$BodyCallAdapter$BodyCallback	SOURCE
retrofit2.CompletableFutureCallAdapterFactory$BodyCallAdapter$BodyCallback	onResponse(retrofit2.Call<R>,retrofit2.Response<R>)	future	retrofit2.CompletableFutureCallAdapterFactory$BodyCallAdapter$BodyCallback	SOURCE
retrofit2.CompletableFutureCallAdapterFactory$BodyCallAdapter$BodyCallback	onResponse(retrofit2.Call<R>,retrofit2.Response<R>)	future	retrofit2.CompletableFutureCallAdapterFactory$BodyCallAdapter$BodyCallback	SOURCE
retrofit2.CompletableFutureCallAdapterFactory$BodyCallAdapter$BodyCallback	onFailure(retrofit2.Call<R>,java.lang.Throwable)	future	retrofit2.CompletableFutureCallAdapterFactory$BodyCallAdapter$BodyCallback	SOURCE
retrofit2.CompletableFutureCallAdapterFactory$ResponseCallAdapter	ResponseCallAdapter(java.lang.reflect.Type)	responseType	retrofit2.CompletableFutureCallAdapterFactory$ResponseCallAdapter	SOURCE
retrofit2.CompletableFutureCallAdapterFactory$ResponseCallAdapter	ResponseCallAdapter(java.lang.reflect.Type)	this	retrofit2.CompletableFutureCallAdapterFactory$ResponseCallAdapter	SOURCE
retrofit2.CompletableFutureCallAdapterFactory$ResponseCallAdapter	responseType()	responseType	retrofit2.CompletableFutureCallAdapterFactory$ResponseCallAdapter	SOURCE
retrofit2.CompletableFutureCallAdapterFactory$ResponseCallAdapter$ResponseCallback	ResponseCallback(java.util.concurrent.CompletableFuture<retrofit2.Response<R>>)	future	retrofit2.CompletableFutureCallAdapterFactory$ResponseCallAdapter$ResponseCallback	SOURCE
retrofit2.CompletableFutureCallAdapterFactory$ResponseCallAdapter$ResponseCallback	ResponseCallback(java.util.concurrent.CompletableFuture<retrofit2.Response<R>>)	this	retrofit2.CompletableFutureCallAdapterFactory$ResponseCallAdapter$ResponseCallback	SOURCE
retrofit2.CompletableFutureCallAdapterFactory$ResponseCallAdapter$ResponseCallback	onResponse(retrofit2.Call<R>,retrofit2.Response<R>)	future	retrofit2.CompletableFutureCallAdapterFactory$ResponseCallAdapter$ResponseCallback	SOURCE
retrofit2.CompletableFutureCallAdapterFactory$ResponseCallAdapter$ResponseCallback	onFailure(retrofit2.Call<R>,java.lang.Throwable)	future	retrofit2.CompletableFutureCallAdapterFactory$ResponseCallAdapter$ResponseCallback	SOURCE
retrofit2.CompletableFutureCallAdapterFactory$CallCancelCompletableFuture	CallCancelCompletableFuture(retrofit2.Call<?>)	call	retrofit2.CompletableFutureCallAdapterFactory$CallCancelCompletableFuture	SOURCE
retrofit2.CompletableFutureCallAdapterFactory$CallCancelCompletableFuture	CallCancelCompletableFuture(retrofit2.Call<?>)	this	retrofit2.CompletableFutureCallAdapterFactory$CallCancelCompletableFuture	SOURCE
retrofit2.CompletableFutureCallAdapterFactory$CallCancelCompletableFuture	cancel(boolean)	call	retrofit2.CompletableFutureCallAdapterFactory$CallCancelCompletableFuture	SOURCE
retrofit2.CompletableFutureCallAdapterFactory$CallCancelCompletableFuture	cancel(boolean)	super	retrofit2.CompletableFutureCallAdapterFactory$CallCancelCompletableFuture	SOURCE
retrofit2.Invocation	Invocation(java.lang.reflect.Method,java.util.List<?>)	method	retrofit2.Invocation	SOURCE
retrofit2.Invocation	Invocation(java.lang.reflect.Method,java.util.List<?>)	this	retrofit2.Invocation	SOURCE
retrofit2.Invocation	Invocation(java.lang.reflect.Method,java.util.List<?>)	arguments	retrofit2.Invocation	SOURCE
retrofit2.Invocation	Invocation(java.lang.reflect.Method,java.util.List<?>)	this	retrofit2.Invocation	SOURCE
retrofit2.Invocation	method()	method	retrofit2.Invocation	SOURCE
retrofit2.Invocation	arguments()	arguments	retrofit2.Invocation	SOURCE
retrofit2.Invocation	toString()	method	retrofit2.Invocation	SOURCE
retrofit2.Invocation	toString()	method	retrofit2.Invocation	SOURCE
retrofit2.Invocation	toString()	arguments	retrofit2.Invocation	SOURCE
retrofit2.OptionalConverterFactory	responseBodyConverter(java.lang.reflect.Type,java.lang.annotation.Annotation[],retrofit2.Retrofit)	class	java.util.Optional	SOURCE
retrofit2.OptionalConverterFactory$OptionalConverter	OptionalConverter(retrofit2.Converter<okhttp3.ResponseBody,T>)	delegate	retrofit2.OptionalConverterFactory$OptionalConverter	SOURCE
retrofit2.OptionalConverterFactory$OptionalConverter	OptionalConverter(retrofit2.Converter<okhttp3.ResponseBody,T>)	this	retrofit2.OptionalConverterFactory$OptionalConverter	SOURCE
retrofit2.OptionalConverterFactory$OptionalConverter	convert(okhttp3.ResponseBody)	delegate	retrofit2.OptionalConverterFactory$OptionalConverter	SOURCE
retrofit2.HttpServiceMethod	<ResponseT,ReturnT>parseAnnotations(retrofit2.Retrofit,java.lang.reflect.Method,retrofit2.RequestFactory)	isKotlinSuspendFunction	retrofit2.RequestFactory	SOURCE
retrofit2.HttpServiceMethod	<ResponseT,ReturnT>parseAnnotations(retrofit2.Retrofit,java.lang.reflect.Method,retrofit2.RequestFactory)	isKotlinSuspendFunction	retrofit2.RequestFactory	SOURCE
retrofit2.HttpServiceMethod	<ResponseT,ReturnT>parseAnnotations(retrofit2.Retrofit,java.lang.reflect.Method,retrofit2.RequestFactory)	length	Array	SOURCE
retrofit2.HttpServiceMethod	<ResponseT,ReturnT>parseAnnotations(retrofit2.Retrofit,java.lang.reflect.Method,retrofit2.RequestFactory)	class	retrofit2.Response	SOURCE
retrofit2.HttpServiceMethod	<ResponseT,ReturnT>parseAnnotations(retrofit2.Retrofit,java.lang.reflect.Method,retrofit2.RequestFactory)	class	retrofit2.Call	SOURCE
retrofit2.HttpServiceMethod	<ResponseT,ReturnT>parseAnnotations(retrofit2.Retrofit,java.lang.reflect.Method,retrofit2.RequestFactory)	class	okhttp3.Response	SOURCE
retrofit2.HttpServiceMethod	<ResponseT,ReturnT>parseAnnotations(retrofit2.Retrofit,java.lang.reflect.Method,retrofit2.RequestFactory)	class	retrofit2.Response	SOURCE
retrofit2.HttpServiceMethod	<ResponseT,ReturnT>parseAnnotations(retrofit2.Retrofit,java.lang.reflect.Method,retrofit2.RequestFactory)	httpMethod	retrofit2.RequestFactory	SOURCE
retrofit2.HttpServiceMethod	<ResponseT,ReturnT>parseAnnotations(retrofit2.Retrofit,java.lang.reflect.Method,retrofit2.RequestFactory)	class	java.lang.Void	SOURCE
retrofit2.HttpServiceMethod	<ResponseT,ReturnT>parseAnnotations(retrofit2.Retrofit,java.lang.reflect.Method,retrofit2.RequestFactory)	callFactory	retrofit2.Retrofit	SOURCE
retrofit2.HttpServiceMethod	<ResponseT,ReturnT>parseAnnotations(retrofit2.Retrofit,java.lang.reflect.Method,retrofit2.RequestFactory)	callFactory	retrofit2.Retrofit	SOURCE
retrofit2.HttpServiceMethod	HttpServiceMethod(retrofit2.RequestFactory,okhttp3.Call.Factory,retrofit2.Converter<okhttp3.ResponseBody,ResponseT>)	requestFactory	retrofit2.HttpServiceMethod	SOURCE
retrofit2.HttpServiceMethod	HttpServiceMethod(retrofit2.RequestFactory,okhttp3.Call.Factory,retrofit2.Converter<okhttp3.ResponseBody,ResponseT>)	this	retrofit2.HttpServiceMethod	SOURCE
retrofit2.HttpServiceMethod	HttpServiceMethod(retrofit2.RequestFactory,okhttp3.Call.Factory,retrofit2.Converter<okhttp3.ResponseBody,ResponseT>)	callFactory	retrofit2.HttpServiceMethod	SOURCE
retrofit2.HttpServiceMethod	HttpServiceMethod(retrofit2.RequestFactory,okhttp3.Call.Factory,retrofit2.Converter<okhttp3.ResponseBody,ResponseT>)	this	retrofit2.HttpServiceMethod	SOURCE
retrofit2.HttpServiceMethod	HttpServiceMethod(retrofit2.RequestFactory,okhttp3.Call.Factory,retrofit2.Converter<okhttp3.ResponseBody,ResponseT>)	responseConverter	retrofit2.HttpServiceMethod	SOURCE
retrofit2.HttpServiceMethod	HttpServiceMethod(retrofit2.RequestFactory,okhttp3.Call.Factory,retrofit2.Converter<okhttp3.ResponseBody,ResponseT>)	this	retrofit2.HttpServiceMethod	SOURCE
retrofit2.HttpServiceMethod	invoke(java.lang.Object[])	requestFactory	retrofit2.HttpServiceMethod	SOURCE
retrofit2.HttpServiceMethod	invoke(java.lang.Object[])	callFactory	retrofit2.HttpServiceMethod	SOURCE
retrofit2.HttpServiceMethod	invoke(java.lang.Object[])	responseConverter	retrofit2.HttpServiceMethod	SOURCE
retrofit2.HttpServiceMethod$CallAdapted	CallAdapted(retrofit2.RequestFactory,okhttp3.Call.Factory,retrofit2.Converter<okhttp3.ResponseBody,ResponseT>,retrofit2.CallAdapter<ResponseT,ReturnT>)	callAdapter	retrofit2.HttpServiceMethod$CallAdapted	SOURCE
retrofit2.HttpServiceMethod$CallAdapted	CallAdapted(retrofit2.RequestFactory,okhttp3.Call.Factory,retrofit2.Converter<okhttp3.ResponseBody,ResponseT>,retrofit2.CallAdapter<ResponseT,ReturnT>)	this	retrofit2.HttpServiceMethod$CallAdapted	SOURCE
retrofit2.HttpServiceMethod$CallAdapted	adapt(retrofit2.Call<ResponseT>,java.lang.Object[])	callAdapter	retrofit2.HttpServiceMethod$CallAdapted	SOURCE
retrofit2.HttpServiceMethod$SuspendForResponse	SuspendForResponse(retrofit2.RequestFactory,okhttp3.Call.Factory,retrofit2.Converter<okhttp3.ResponseBody,ResponseT>,retrofit2.CallAdapter<ResponseT,retrofit2.Call<ResponseT>>)	callAdapter	retrofit2.HttpServiceMethod$SuspendForResponse	SOURCE
retrofit2.HttpServiceMethod$SuspendForResponse	SuspendForResponse(retrofit2.RequestFactory,okhttp3.Call.Factory,retrofit2.Converter<okhttp3.ResponseBody,ResponseT>,retrofit2.CallAdapter<ResponseT,retrofit2.Call<ResponseT>>)	this	retrofit2.HttpServiceMethod$SuspendForResponse	SOURCE
retrofit2.HttpServiceMethod$SuspendForResponse	adapt(retrofit2.Call<ResponseT>,java.lang.Object[])	callAdapter	retrofit2.HttpServiceMethod$SuspendForResponse	SOURCE
retrofit2.HttpServiceMethod$SuspendForResponse	adapt(retrofit2.Call<ResponseT>,java.lang.Object[])	length	Array	SOURCE
retrofit2.HttpServiceMethod$SuspendForBody	SuspendForBody(retrofit2.RequestFactory,okhttp3.Call.Factory,retrofit2.Converter<okhttp3.ResponseBody,ResponseT>,retrofit2.CallAdapter<ResponseT,retrofit2.Call<ResponseT>>,boolean)	callAdapter	retrofit2.HttpServiceMethod$SuspendForBody	SOURCE
retrofit2.HttpServiceMethod$SuspendForBody	SuspendForBody(retrofit2.RequestFactory,okhttp3.Call.Factory,retrofit2.Converter<okhttp3.ResponseBody,ResponseT>,retrofit2.CallAdapter<ResponseT,retrofit2.Call<ResponseT>>,boolean)	this	retrofit2.HttpServiceMethod$SuspendForBody	SOURCE
retrofit2.HttpServiceMethod$SuspendForBody	SuspendForBody(retrofit2.RequestFactory,okhttp3.Call.Factory,retrofit2.Converter<okhttp3.ResponseBody,ResponseT>,retrofit2.CallAdapter<ResponseT,retrofit2.Call<ResponseT>>,boolean)	isNullable	retrofit2.HttpServiceMethod$SuspendForBody	SOURCE
retrofit2.HttpServiceMethod$SuspendForBody	SuspendForBody(retrofit2.RequestFactory,okhttp3.Call.Factory,retrofit2.Converter<okhttp3.ResponseBody,ResponseT>,retrofit2.CallAdapter<ResponseT,retrofit2.Call<ResponseT>>,boolean)	this	retrofit2.HttpServiceMethod$SuspendForBody	SOURCE
retrofit2.HttpServiceMethod$SuspendForBody	adapt(retrofit2.Call<ResponseT>,java.lang.Object[])	callAdapter	retrofit2.HttpServiceMethod$SuspendForBody	SOURCE
retrofit2.HttpServiceMethod$SuspendForBody	adapt(retrofit2.Call<ResponseT>,java.lang.Object[])	length	Array	SOURCE
retrofit2.HttpServiceMethod$SuspendForBody	adapt(retrofit2.Call<ResponseT>,java.lang.Object[])	isNullable	retrofit2.HttpServiceMethod$SuspendForBody	SOURCE
